timestamp,currentSpeed,freeFlowSpeed,currentTravelTime,freeFlowTravelTime,confidence,roadClosure,speed_ratio,delay_seconds,congestion_label
2026-04-07 17:37:59,30,30,73,73,1.0,False,,,
2026-04-07 17:46:58,30,30,73,73,1.0,False,,,
2026-04-07 17:47:44,24,29,91,75,1.0,False,,,
2026-04-07 17:48:08,30,30,73,73,1.0,False,,,
2026-04-07 17:49:05,30,30,73,73,1.0,False,,,
2026-04-07 20:24:39,25,35,696,497,,False,,,
2026-04-07 20:27:41,24,34,726,512,,False,,,
2026-04-07 21:11:18,26,34,670,512,,False,,,
2026-04-07 21:54:47,34,34,512,512,,False,,,
2026-04-07 21:55:29,27,34,645,512,,False,,,
2026-04-07 21:56:40,28,34,622,512,,False,,,
2026-04-07 21:56:46,28,34,622,512,,False,,,
2026-04-07 21:56:55,34,34,512,512,,False,,,
2026-04-07 22:09:24,34,34,512,512,,False,,,
2026-04-08 11:33:55,27,34,645,512,,False,,,
2026-04-08 14:04:28,27,35,645,497,,False,,,
2026-04-16 00:33:38,34,34,512,512,,False,,,
2026-04-16 00:33:39,34,34,512,512,,False,,,
2026-04-16 00:33:47,34,34,512,512,,False,,,
2026-04-16 00:36:24,34,34,512,512,,False,,,
2026-04-21 15:50:54,26,34,670,512,,False,,,
2026-04-22 10:12:56,26,34,670,512,,False,,,
2026-04-27 14:32:22,28,35,622,497,,False,,,
2026-04-27 14:34:09,27,35,645,497,,False,,,
2026-04-30 01:15:49,34,34,512,512,,False,1.0,0.0,Low
2026-04-30 01:20:50,34,34,512,512,,False,1.0,0.0,Low
2026-04-30 01:25:52,34,34,512,512,,False,1.0,0.0,Low
2026-04-30 01:30:53,34,34,512,512,,False,1.0,0.0,Low
2026-04-30 01:35:55,34,34,512,512,,False,1.0,0.0,Low
2026-04-30 01:40:56,34,34,512,512,,False,1.0,0.0,Low
2026-04-30 01:45:58,34,34,512,512,,False,1.0,0.0,Low
2026-04-29 21:04:01,34,34,512,512,False,1.0,0,Low
2026-05-05 10:12:02,26,33,670,528,False,0.7879,142,Low
2026-05-05 11:41:10,24,35,726,497,False,0.6857,229,Medium
2026-05-05 12:58:21,20,34,871,512,False,0.5882,359,Medium
2026-05-05 16:59:30,34,34,512,512,False,1.0,0,Low
2026-05-05 18:21:03,34,34,512,512,False,1.0,0,Low
2026-05-05 19:57:03,34,34,512,512,False,1.0,0,Low
2026-05-05 21:14:41,34,34,512,512,False,1.0,0,Low
2026-05-05 22:16:05,34,34,512,512,False,1.0,0,Low
2026-05-05 23:15:19,34,34,512,512,False,1.0,0,Low
2026-05-06 00:09:14,34,34,512,512,False,1.0,0,Low
2026-05-06 04:06:14,34,34,512,512,False,1.0,0,Low
2026-05-06 06:44:16,25,35,696,497,False,0.7143,199,Low
2026-05-06 09:13:23,29,35,600,497,False,0.8286,103,Low
2026-05-06 11:22:49,24,34,726,512,False,0.7059,214,Low
2026-05-06 13:12:12,21,34,829,512,False,0.6176,317,Medium
2026-05-06 15:37:06,23,35,757,497,False,0.6571,260,Medium
2026-05-06 17:13:51,28,34,622,512,False,0.8235,110,Low
2026-05-06 19:03:11,34,34,512,512,False,1.0,0,Low
2026-05-06 20:44:15,34,34,512,512,False,1.0,0,Low
2026-05-06 21:48:04,34,34,512,512,False,1.0,0,Low
2026-05-06 22:36:25,34,34,512,512,False,1.0,0,Low
2026-05-06 23:34:45,34,34,512,512,False,1.0,0,Low
2026-05-07 01:22:36,34,34,512,512,False,1.0,0,Low
2026-05-07 04:54:35,26,35,670,497,False,0.7429,173,Low
2026-05-07 07:43:47,31,36,562,484,False,0.8611,78,Low
2026-05-07 10:10:18,25,35,696,497,False,0.7143,199,Low
2026-05-07 12:12:39,21,35,829,497,False,0.6,332,Medium
2026-05-07 15:06:42,23,34,757,512,False,0.6765,245,Medium
2026-05-07 17:03:41,34,34,512,512,False,1.0,0,Low
2026-05-07 18:57:10,34,34,512,512,False,1.0,0,Low
2026-05-07 20:21:44,34,34,512,512,False,1.0,0,Low
2026-05-07 21:29:41,34,34,512,512,False,1.0,0,Low
2026-05-07 22:38:57,34,34,512,512,False,1.0,0,Low
2026-05-07 23:35:52,34,34,512,512,False,1.0,0,Low
2026-05-08 01:24:12,34,34,512,512,False,1.0,0,Low
2026-05-08 04:37:25,27,33,645,528,False,0.8182,117,Low
2026-05-08 06:21:05,27,34,645,512,False,0.7941,133,Low
2026-05-08 08:05:50,26,34,670,512,False,0.7647,158,Low
2026-05-08 09:51:19,25,33,696,528,False,0.7576,168,Low
2026-05-08 11:06:35,23,34,757,512,False,0.6765,245,Medium
2026-05-08 12:19:03,22,36,792,484,False,0.6111,308,Medium
2026-05-08 14:20:31,23,34,757,512,False,0.6765,245,Medium
2026-05-08 15:57:11,28,34,622,512,False,0.8235,110,Low
2026-05-08 17:40:16,34,34,512,512,False,1.0,0,Low
2026-05-08 18:58:05,34,34,512,512,False,1.0,0,Low
2026-05-08 20:12:57,34,34,512,512,False,1.0,0,Low
2026-05-08 21:18:37,34,34,512,512,False,1.0,0,Low
2026-05-08 22:16:18,34,34,512,512,False,1.0,0,Low
2026-05-08 23:15:01,34,34,512,512,False,1.0,0,Low
2026-05-09 00:13:55,34,34,512,512,False,1.0,0,Low
2026-05-09 04:00:18,34,34,512,512,False,1.0,0,Low
2026-05-09 06:25:16,24,34,726,512,False,0.7059,214,Low
2026-05-09 08:17:51,24,35,726,497,False,0.6857,229,Medium
2026-05-09 09:49:11,25,35,696,497,False,0.7143,199,Low
2026-05-09 10:44:29,27,35,645,497,False,0.7714,148,Low
2026-05-09 11:38:35,24,34,726,512,False,0.7059,214,Low
2026-05-09 12:42:38,24,34,726,512,False,0.7059,214,Low
2026-05-09 14:08:45,20,34,871,512,False,0.5882,359,Medium
2026-05-09 15:14:03,27,34,645,512,False,0.7941,133,Low
2026-05-09 16:11:23,24,34,726,512,False,0.7059,214,Low
2026-05-09 17:14:59,34,34,512,512,False,1.0,0,Low
2026-05-09 18:08:59,34,34,512,512,False,1.0,0,Low
2026-05-09 19:34:01,34,34,512,512,False,1.0,0,Low
2026-05-09 20:24:28,34,34,512,512,False,1.0,0,Low
2026-05-09 21:10:56,34,34,512,512,False,1.0,0,Low
2026-05-09 22:03:28,34,34,512,512,False,1.0,0,Low
2026-05-09 23:02:15,34,34,512,512,False,1.0,0,Low
2026-05-10 00:00:02,34,34,512,512,False,1.0,0,Low
2026-05-10 04:08:39,34,34,512,512,False,1.0,0,Low
2026-05-10 06:44:37,27,34,645,512,False,0.7941,133,Low
2026-05-10 08:32:56,26,35,670,497,False,0.7429,173,Low
2026-05-10 10:01:25,26,34,670,512,False,0.7647,158,Low
2026-05-10 11:10:48,30,35,580,497,False,0.8571,83,Low
2026-05-10 12:04:58,26,34,670,512,False,0.7647,158,Low
2026-05-10 13:53:35,24,34,726,512,False,0.7059,214,Low
2026-05-10 14:53:14,23,34,757,512,False,0.6765,245,Medium
2026-05-10 15:53:56,34,34,512,512,False,1.0,0,Low
2026-05-10 16:58:00,34,34,512,512,False,1.0,0,Low
2026-05-10 17:58:22,34,34,512,512,False,1.0,0,Low
2026-05-10 19:18:19,34,34,512,512,False,1.0,0,Low
2026-05-10 20:07:01,34,34,512,512,False,1.0,0,Low
2026-05-10 21:05:44,34,34,512,512,False,1.0,0,Low
2026-05-10 22:03:04,34,34,512,512,False,1.0,0,Low
2026-05-10 23:03:55,34,34,512,512,False,1.0,0,Low
2026-05-11 00:05:05,34,34,512,512,False,1.0,0,Low
2026-05-11 04:23:03,26,34,670,512,False,0.7647,158,Low
2026-05-11 08:01:25,26,34,670,512,False,0.7647,158,Low
2026-05-11 11:33:55,24,32,726,544,False,0.75,182,Low
2026-05-11 14:06:27,17,34,1024,512,False,0.5,512,Medium
2026-05-11 16:46:10,34,34,512,512,False,1.0,0,Low
2026-05-11 18:29:25,34,34,512,512,False,1.0,0,Low
2026-05-11 20:21:37,34,34,512,512,False,1.0,0,Low
2026-05-11 21:48:25,34,34,512,512,False,1.0,0,Low
2026-05-11 22:43:01,34,34,512,512,False,1.0,0,Low
2026-05-11 23:42:25,34,34,512,512,False,1.0,0,Low
2026-05-12 01:26:19,34,34,512,512,False,1.0,0,Low
2026-05-12 05:07:12,34,34,512,512,False,1.0,0,Low
2026-05-12 08:04:19,26,34,670,512,False,0.7647,158,Low
2026-05-12 10:40:51,25,35,696,497,False,0.7143,199,Low
2026-05-12 12:29:26,22,34,792,512,False,0.6471,280,Medium
2026-05-12 15:25:59,26,33,670,528,False,0.7879,142,Low
2026-05-12 17:35:04,34,34,512,512,False,1.0,0,Low
2026-05-12 19:21:38,34,34,512,512,False,1.0,0,Low
2026-05-12 20:58:08,34,34,512,512,False,1.0,0,Low
2026-05-12 22:19:46,34,34,512,512,False,1.0,0,Low
2026-05-12 23:33:55,34,34,512,512,False,1.0,0,Low
2026-05-13 01:25:59,34,34,512,512,False,1.0,0,Low
2026-05-13 05:28:58,27,34,645,512,False,0.7941,133,Low
2026-05-13 08:17:45,27,33,645,528,False,0.8182,117,Low
2026-05-13 11:00:52,22,34,792,512,False,0.6471,280,Medium
2026-05-13 13:24:52,19,35,917,497,False,0.5429,420,Medium
2026-05-13 16:03:05,27,34,645,512,False,0.7941,133,Low
2026-05-13 18:13:21,34,34,512,512,False,1.0,0,Low
2026-05-13 20:13:22,34,34,512,512,False,1.0,0,Low
2026-05-13 21:47:20,34,34,512,512,False,1.0,0,Low
2026-05-13 22:53:25,34,34,512,512,False,1.0,0,Low
2026-05-13 23:59:04,34,34,512,512,False,1.0,0,Low
2026-05-14 04:08:29,28,34,622,512,False,0.8235,110,Low
2026-05-14 07:21:59,26,35,670,497,False,0.7429,173,Low
2026-05-14 09:43:43,28,35,622,497,False,0.8,125,Low
2026-05-14 11:30:25,28,35,622,497,False,0.8,125,Low
2026-05-14 13:17:44,22,34,792,512,False,0.6471,280,Medium
2026-05-14 15:38:34,27,35,645,497,False,0.7714,148,Low
2026-05-14 17:26:49,34,34,512,512,False,1.0,0,Low
2026-05-14 19:21:45,34,34,512,512,False,1.0,0,Low
2026-05-14 20:51:15,34,34,512,512,False,1.0,0,Low
2026-05-14 22:04:55,34,34,512,512,False,1.0,0,Low
2026-05-14 23:10:59,34,34,512,512,False,1.0,0,Low
2026-05-15 00:11:40,34,34,512,512,False,1.0,0,Low
2026-05-15 04:30:00,28,34,622,512,False,0.8235,110,Low
2026-05-15 07:43:18,34,34,512,512,False,1.0,0,Low
2026-05-15 10:08:35,28,34,622,512,False,0.8235,110,Low
2026-05-15 12:12:13,25,35,696,497,False,0.7143,199,Low
2026-05-15 14:38:08,24,36,726,484,False,0.6667,242,Medium
2026-05-15 16:26:45,26,34,670,512,False,0.7647,158,Low
2026-05-15 18:08:13,34,34,512,512,False,1.0,0,Low
2026-05-15 19:54:17,34,34,512,512,False,1.0,0,Low
2026-05-15 21:04:16,34,34,512,512,False,1.0,0,Low
2026-05-15 22:10:00,34,34,512,512,False,1.0,0,Low
2026-05-15 23:12:49,34,34,512,512,False,1.0,0,Low
2026-05-16 00:09:41,34,34,512,512,False,1.0,0,Low
2026-05-16 04:03:49,34,34,512,512,False,1.0,0,Low
2026-05-16 06:32:01,29,35,600,497,False,0.8286,103,Low
2026-05-16 08:26:34,25,35,696,497,False,0.7143,199,Low
2026-05-16 10:00:00,26,35,670,497,False,0.7429,173,Low
2026-05-16 11:13:04,26,35,670,497,False,0.7429,173,Low
2026-05-16 12:09:31,24,35,726,497,False,0.6857,229,Medium
2026-05-16 14:00:42,21,34,829,512,False,0.6176,317,Medium
2026-05-16 15:10:28,25,34,696,512,False,0.7353,184,Low
2026-05-16 16:11:21,34,34,512,512,False,1.0,0,Low
2026-05-16 17:16:53,34,34,512,512,False,1.0,0,Low
2026-05-16 18:11:00,34,34,512,512,False,1.0,0,Low
2026-05-16 19:35:00,34,34,512,512,False,1.0,0,Low
2026-05-16 20:26:01,34,34,512,512,False,1.0,0,Low
2026-05-16 21:26:14,34,34,512,512,False,1.0,0,Low
2026-05-16 22:24:43,34,34,512,512,False,1.0,0,Low
2026-05-16 23:28:09,34,34,512,512,False,1.0,0,Low
2026-05-17 01:27:00,34,34,512,512,False,1.0,0,Low
2026-05-17 05:30:45,34,34,512,512,False,1.0,0,Low
2026-05-17 07:58:26,27,35,645,497,False,0.7714,148,Low
2026-05-17 09:56:43,27,34,645,512,False,0.7941,133,Low
2026-05-17 11:17:59,34,34,512,512,False,1.0,0,Low
2026-05-17 12:08:52,25,34,696,512,False,0.7353,184,Low
2026-05-17 13:57:26,24,35,726,497,False,0.6857,229,Medium
2026-05-17 15:06:36,24,35,726,497,False,0.6857,229,Medium
2026-05-17 16:09:42,31,35,562,497,False,0.8857,65,Low
2026-05-17 17:15:30,34,34,512,512,False,1.0,0,Low
2026-05-17 18:14:06,34,34,512,512,False,1.0,0,Low
2026-05-17 19:40:18,34,34,512,512,False,1.0,0,Low
2026-05-17 20:34:13,34,34,512,512,False,1.0,0,Low
2026-05-17 21:34:56,34,34,512,512,False,1.0,0,Low
2026-05-17 22:33:47,34,34,512,512,False,1.0,0,Low
2026-05-17 23:38:19,34,34,512,512,False,1.0,0,Low
2026-05-18 01:36:05,34,34,512,512,False,1.0,0,Low
2026-05-18 05:57:03,25,33,696,528,False,0.7576,168,Low
2026-05-18 10:22:29,25,35,696,497,False,0.7143,199,Low
2026-05-18 14:05:20,22,34,792,512,False,0.6471,280,Medium
2026-05-18 17:10:32,30,36,580,484,False,0.8333,96,Low
2026-05-18 19:03:45,34,34,512,512,False,1.0,0,Low
2026-05-18 20:43:14,34,34,512,512,False,1.0,0,Low
2026-05-18 21:54:02,34,34,512,512,False,1.0,0,Low
2026-05-18 23:03:23,34,34,512,512,False,1.0,0,Low
2026-05-19 00:17:11,34,34,512,512,False,1.0,0,Low
2026-05-19 04:37:41,28,35,622,497,False,0.8,125,Low
2026-05-19 08:06:32,26,34,670,512,False,0.7647,158,Low
2026-05-19 11:32:15,23,34,757,512,False,0.6765,245,Medium
2026-05-19 14:14:43,22,35,792,497,False,0.6286,295,Medium
2026-05-19 17:20:56,34,34,512,512,False,1.0,0,Low
2026-05-19 19:24:54,34,34,512,512,False,1.0,0,Low
2026-05-19 21:01:54,34,34,512,512,False,1.0,0,Low
2026-05-19 22:22:50,34,34,512,512,False,1.0,0,Low
2026-05-19 23:39:57,34,34,512,512,False,1.0,0,Low
2026-05-20 01:50:01,34,34,512,512,False,1.0,0,Low
2026-05-20 05:58:36,23,34,757,512,False,0.6765,245,Medium
2026-05-20 09:51:27,23,34,757,512,False,0.6765,245,Medium
2026-05-20 12:18:42,22,35,792,497,False,0.6286,295,Medium
2026-05-20 16:02:10,28,35,622,497,False,0.8,125,Low
2026-05-20 18:29:12,34,34,512,512,False,1.0,0,Low
2026-05-20 20:36:32,34,34,512,512,False,1.0,0,Low
2026-05-20 22:14:59,34,34,512,512,False,1.0,0,Low
2026-05-20 23:42:41,34,34,512,512,False,1.0,0,Low
2026-05-21 01:48:52,34,34,512,512,False,1.0,0,Low
2026-05-21 05:59:16,28,35,622,497,False,0.8,125,Low
2026-05-21 09:59:57,26,35,670,497,False,0.7429,173,Low
2026-05-21 12:54:08,21,34,829,512,False,0.6176,317,Medium
2026-05-21 16:16:08,28,34,622,512,False,0.8235,110,Low
2026-05-21 18:15:52,34,34,512,512,False,1.0,0,Low
2026-05-21 20:15:05,34,34,512,512,False,1.0,0,Low
2026-05-21 21:52:33,34,34,512,512,False,1.0,0,Low
2026-05-21 23:01:38,34,34,512,512,False,1.0,0,Low
2026-05-22 00:13:07,34,34,512,512,False,1.0,0,Low
2026-05-22 04:38:48,25,34,696,512,False,0.7353,184,Low
2026-05-22 08:03:22,26,34,670,512,False,0.7647,158,Low
2026-05-22 11:15:05,26,34,670,512,False,0.7647,158,Low
2026-05-22 13:39:20,19,35,917,497,False,0.5429,420,Medium
2026-05-22 16:07:31,28,34,622,512,False,0.8235,110,Low
2026-05-22 18:04:27,34,34,512,512,False,1.0,0,Low
2026-05-22 20:05:56,34,34,512,512,False,1.0,0,Low
2026-05-22 21:34:16,34,34,512,512,False,1.0,0,Low
2026-05-22 22:38:52,34,34,512,512,False,1.0,0,Low
2026-05-22 23:47:43,34,34,512,512,False,1.0,0,Low
2026-05-23 01:31:27,34,34,512,512,False,1.0,0,Low
2026-05-23 05:25:27,34,34,512,512,False,1.0,0,Low
2026-05-23 07:55:28,27,36,645,484,False,0.75,161,Low
2026-05-23 09:58:59,26,35,670,497,False,0.7429,173,Low
2026-05-23 11:21:32,25,36,696,484,False,0.6944,212,Medium
2026-05-23 12:11:17,27,35,645,497,False,0.7714,148,Low
2026-05-23 14:04:25,23,33,757,528,False,0.697,229,Medium
2026-05-23 15:16:43,28,34,622,512,False,0.8235,110,Low
2026-05-23 16:16:27,31,35,562,497,False,0.8857,65,Low
2026-05-23 17:31:11,34,34,512,512,False,1.0,0,Low
2026-05-23 18:38:48,34,34,512,512,False,1.0,0,Low
2026-05-23 19:50:18,34,34,512,512,False,1.0,0,Low
2026-05-23 20:39:17,34,34,512,512,False,1.0,0,Low
2026-05-23 21:38:42,34,34,512,512,False,1.0,0,Low
2026-05-23 22:37:19,34,34,512,512,False,1.0,0,Low
2026-05-23 23:41:41,34,34,512,512,False,1.0,0,Low
2026-05-24 01:48:27,34,34,512,512,False,1.0,0,Low
2026-05-24 05:49:11,28,34,622,512,False,0.8235,110,Low
2026-05-24 08:13:54,27,35,645,497,False,0.7714,148,Low
2026-05-24 10:13:33,24,33,726,528,False,0.7273,198,Low
2026-05-24 11:44:15,26,34,670,512,False,0.7647,158,Low
2026-05-24 12:49:07,23,34,757,512,False,0.6765,245,Medium
2026-05-24 14:19:02,22,34,792,512,False,0.6471,280,Medium
2026-05-24 15:40:05,26,33,670,528,False,0.7879,142,Low
2026-05-24 16:43:25,28,34,622,512,False,0.8235,110,Low
2026-05-24 17:44:39,34,34,512,512,False,1.0,0,Low
2026-05-24 18:54:05,34,34,512,512,False,1.0,0,Low
2026-05-24 20:06:56,34,34,512,512,False,1.0,0,Low
2026-05-24 21:10:39,34,34,512,512,False,1.0,0,Low
2026-05-24 22:12:19,34,34,512,512,False,1.0,0,Low
2026-05-24 23:17:34,34,34,512,512,False,1.0,0,Low
2026-05-25 01:29:29,34,34,512,512,False,1.0,0,Low
2026-05-25 06:05:59,24,34,726,512,False,0.7059,214,Low
2026-05-25 10:46:48,28,34,622,512,False,0.8235,110,Low
2026-05-25 13:52:43,21,34,829,512,False,0.6176,317,Medium
2026-05-25 16:21:43,25,33,696,528,False,0.7576,168,Low
2026-05-25 18:08:28,34,34,512,512,False,1.0,0,Low
2026-05-25 19:58:50,34,34,512,512,False,1.0,0,Low
2026-05-25 21:19:36,34,34,512,512,False,1.0,0,Low
2026-05-25 22:32:44,34,34,512,512,False,1.0,0,Low
2026-05-25 23:42:17,34,34,512,512,False,1.0,0,Low
2026-05-26 01:32:10,34,34,512,512,False,1.0,0,Low
2026-05-26 05:48:51,27,34,645,512,False,0.7941,133,Low
2026-05-26 09:30:28,34,34,512,512,False,1.0,0,Low
2026-05-26 16:28:01,34,34,512,512,False,1.0,0,Low
2026-05-26 19:03:11,34,34,512,512,False,1.0,0,Low
2026-05-26 20:59:35,34,34,512,512,False,1.0,0,Low
2026-05-26 22:36:34,34,34,512,512,False,1.0,0,Low
2026-05-26 23:46:52,34,34,512,512,False,1.0,0,Low
2026-05-27 01:55:47,34,34,512,512,False,1.0,0,Low
2026-05-27 06:26:48,25,34,696,512,False,0.7353,184,Low
2026-05-27 10:39:38,25,35,696,497,False,0.7143,199,Low
2026-05-27 14:04:17,16,34,1089,512,False,0.4706,577,Medium
2026-05-27 17:32:14,34,34,512,512,False,1.0,0,Low
2026-05-27 19:38:31,34,34,512,512,False,1.0,0,Low
2026-05-27 21:27:35,34,34,512,512,False,1.0,0,Low
2026-05-27 23:00:51,34,34,512,512,False,1.0,0,Low
2026-05-28 00:09:41,34,34,512,512,False,1.0,0,Low
2026-05-28 04:41:01,28,34,622,512,False,0.8235,110,Low
2026-05-28 08:34:06,34,34,512,512,False,1.0,0,Low
2026-05-28 12:03:18,24,33,726,528,False,0.7273,198,Low
2026-05-28 16:24:22,34,34,512,512,False,1.0,0,Low
2026-05-28 19:12:43,34,34,512,512,False,1.0,0,Low
2026-05-28 21:23:17,34,34,512,512,False,1.0,0,Low
2026-05-28 22:52:27,34,34,512,512,False,1.0,0,Low
2026-05-29 00:09:01,34,34,512,512,False,1.0,0,Low
2026-05-29 04:43:21,27,34,645,512,False,0.7941,133,Low
2026-05-29 08:33:38,26,34,670,512,False,0.7647,158,Low
2026-05-29 11:53:40,23,33,757,528,False,0.697,229,Medium
2026-05-29 15:34:07,23,35,757,497,False,0.6571,260,Medium
2026-05-29 18:20:23,34,34,512,512,False,1.0,0,Low
2026-05-29 20:40:51,34,34,512,512,False,1.0,0,Low
2026-05-29 22:20:16,34,34,512,512,False,1.0,0,Low
2026-05-29 23:46:54,34,34,512,512,False,1.0,0,Low
2026-05-30 01:45:03,34,34,512,512,False,1.0,0,Low
2026-05-30 05:36:33,24,34,726,512,False,0.7059,214,Low
2026-05-30 08:08:17,28,35,622,497,False,0.8,125,Low
2026-05-30 10:17:15,23,34,757,512,False,0.6765,245,Medium
2026-05-30 11:48:53,21,34,829,512,False,0.6176,317,Medium
2026-05-30 12:56:52,17,33,1024,528,False,0.5152,496,Medium
2026-05-30 14:44:40,19,35,917,497,False,0.5429,420,Medium
2026-05-30 15:54:04,25,34,696,512,False,0.7353,184,Low
2026-05-30 17:07:31,34,34,512,512,False,1.0,0,Low
2026-05-30 18:15:03,34,34,512,512,False,1.0,0,Low
2026-05-30 19:45:07,34,34,512,512,False,1.0,0,Low
2026-05-30 20:40:21,34,34,512,512,False,1.0,0,Low
2026-05-30 21:43:58,34,34,512,512,False,1.0,0,Low
2026-05-30 22:42:06,34,34,512,512,False,1.0,0,Low
2026-05-30 23:44:35,34,34,512,512,False,1.0,0,Low
2026-05-31 01:55:17,34,34,512,512,False,1.0,0,Low
2026-05-31 06:24:21,24,35,726,497,False,0.6857,229,Medium
2026-05-31 09:32:01,23,35,757,497,False,0.6571,260,Medium
2026-05-31 11:18:29,24,36,726,484,False,0.6667,242,Medium
2026-05-31 12:53:13,27,34,645,512,False,0.7941,133,Low
2026-05-31 14:44:00,28,35,622,497,False,0.8,125,Low
2026-05-31 15:56:16,28,34,622,512,False,0.8235,110,Low
2026-05-31 17:17:22,34,34,512,512,False,1.0,0,Low
2026-05-31 18:38:59,34,34,512,512,False,1.0,0,Low
2026-05-31 19:54:01,34,34,512,512,False,1.0,0,Low
2026-05-31 21:01:06,34,34,512,512,False,1.0,0,Low
2026-05-31 22:10:44,34,34,512,512,False,1.0,0,Low
2026-05-31 23:19:24,34,34,512,512,False,1.0,0,Low
2026-06-01 01:37:09,34,34,512,512,False,1.0,0,Low
2026-06-01 06:33:17,26,34,670,512,False,0.7647,158,Low
2026-06-01 12:21:12,22,33,792,528,False,0.6667,264,Medium
2026-06-01 18:22:10,34,34,512,512,False,1.0,0,Low
2026-06-01 21:48:12,34,34,512,512,False,1.0,0,Low
2026-06-01 23:19:35,34,34,512,512,False,1.0,0,Low
2026-06-02 01:42:43,34,34,512,512,False,1.0,0,Low
2026-06-02 06:24:46,26,33,670,528,False,0.7879,142,Low
2026-06-02 11:05:38,27,35,645,497,False,0.7714,148,Low
2026-06-02 15:09:06,26,35,670,497,False,0.7429,173,Low
2026-06-02 18:55:18,34,34,512,512,False,1.0,0,Low
2026-06-02 21:52:15,34,34,512,512,False,1.0,0,Low
2026-06-02 23:43:04,34,34,512,512,False,1.0,0,Low
2026-06-03 02:13:17,34,34,512,512,False,1.0,0,Low
2026-06-03 07:16:33,24,35,726,497,False,0.6857,229,Medium
2026-06-03 12:15:34,23,36,757,484,False,0.6389,273,Medium
2026-06-03 17:22:47,34,34,512,512,False,1.0,0,Low
2026-06-03 20:36:44,34,34,512,512,False,1.0,0,Low
2026-06-03 22:52:46,34,34,512,512,False,1.0,0,Low
2026-06-04 00:29:03,34,34,512,512,False,1.0,0,Low
2026-06-04 05:25:16,25,35,696,497,False,0.7143,199,Low
2026-06-04 09:13:10,26,35,670,497,False,0.7429,173,Low
2026-06-04 12:22:48,20,35,871,497,False,0.5714,374,Medium
2026-06-04 15:58:05,29,35,600,497,False,0.8286,103,Low
2026-06-04 18:26:31,34,34,512,512,False,1.0,0,Low
2026-06-04 20:34:11,34,34,512,512,False,1.0,0,Low
2026-06-04 22:10:28,34,34,512,512,False,1.0,0,Low
2026-06-04 23:38:24,34,34,512,512,False,1.0,0,Low
2026-06-05 01:53:31,34,34,512,512,False,1.0,0,Low
2026-06-05 06:23:19,26,34,670,512,False,0.7647,158,Low
2026-06-05 10:31:07,26,35,670,497,False,0.7429,173,Low
2026-06-05 13:39:25,22,34,792,512,False,0.6471,280,Medium
2026-06-05 16:18:06,26,35,670,497,False,0.7429,173,Low
2026-06-05 18:17:51,34,34,512,512,False,1.0,0,Low
2026-06-05 20:19:16,34,34,512,512,False,1.0,0,Low
2026-06-05 21:52:18,34,34,512,512,False,1.0,0,Low
2026-06-05 23:05:19,34,34,512,512,False,1.0,0,Low
2026-06-06 00:18:17,34,34,512,512,False,1.0,0,Low
2026-06-06 04:32:12,34,34,512,512,False,1.0,0,Low
2026-06-06 07:35:34,27,35,645,497,False,0.7714,148,Low
2026-06-06 09:38:03,22,35,792,497,False,0.6286,295,Medium
2026-06-06 11:10:59,21,35,829,497,False,0.6,332,Medium
2026-06-06 12:19:51,22,35,792,497,False,0.6286,295,Medium
2026-06-06 14:14:23,21,35,829,497,False,0.6,332,Medium
2026-06-06 15:44:17,27,34,645,512,False,0.7941,133,Low
2026-06-06 16:53:08,29,34,600,512,False,0.8529,88,Low
2026-06-06 18:04:20,34,34,512,512,False,1.0,0,Low
2026-06-06 19:45:04,34,34,512,512,False,1.0,0,Low
2026-06-06 20:48:56,34,34,512,512,False,1.0,0,Low
2026-06-06 21:52:53,34,34,512,512,False,1.0,0,Low
2026-06-06 23:02:20,34,34,512,512,False,1.0,0,Low
2026-06-07 00:15:31,34,34,512,512,False,1.0,0,Low
2026-06-07 04:59:43,34,34,512,512,False,1.0,0,Low
2026-06-07 08:27:58,34,34,512,512,False,1.0,0,Low
2026-06-07 10:53:51,29,34,600,512,False,0.8529,88,Low
2026-06-07 12:21:36,34,34,512,512,False,1.0,0,Low
2026-06-07 14:26:56,25,34,696,512,False,0.7353,184,Low
2026-06-07 15:52:40,26,34,670,512,False,0.7647,158,Low
2026-06-07 17:14:49,34,34,512,512,False,1.0,0,Low
2026-06-07 18:42:45,34,34,512,512,False,1.0,0,Low
2026-06-07 20:02:43,34,34,512,512,False,1.0,0,Low
2026-06-07 21:22:42,34,34,512,512,False,1.0,0,Low
2026-06-07 22:35:59,34,34,512,512,False,1.0,0,Low
2026-06-07 23:42:43,34,34,512,512,False,1.0,0,Low
2026-06-08 02:03:52,34,34,512,512,False,1.0,0,Low
2026-06-08 07:00:28,26,34,670,512,False,0.7647,158,Low
2026-06-08 12:06:33,25,33,696,528,False,0.7576,168,Low
2026-06-08 16:20:57,27,34,645,512,False,0.7941,133,Low
2026-06-08 18:41:34,34,34,512,512,False,1.0,0,Low
2026-06-08 21:08:33,34,34,512,512,False,1.0,0,Low
2026-06-08 22:50:27,34,34,512,512,False,1.0,0,Low
2026-06-08 23:58:29,34,34,512,512,False,1.0,0,Low
2026-06-09 04:19:04,28,35,622,497,False,0.8,125,Low
2026-06-09 08:05:35,27,34,645,512,False,0.7941,133,Low
2026-06-09 11:29:47,24,34,726,512,False,0.7059,214,Low
2026-06-09 14:01:38,23,35,757,497,False,0.6571,260,Medium
2026-06-09 16:41:23,34,34,512,512,False,1.0,0,Low
2026-06-09 19:01:04,34,34,512,512,False,1.0,0,Low
2026-06-09 21:05:17,34,34,512,512,False,1.0,0,Low
2026-06-09 22:47:15,34,34,512,512,False,1.0,0,Low
2026-06-10 00:02:14,34,34,512,512,False,1.0,0,Low
2026-06-10 04:42:54,29,35,600,497,False,0.8286,103,Low
2026-06-10 08:38:44,34,34,512,512,False,1.0,0,Low
2026-06-10 12:00:24,23,35,757,497,False,0.6571,260,Medium
2026-06-10 16:02:04,26,33,670,528,False,0.7879,142,Low
2026-06-10 18:39:03,34,34,512,512,False,1.0,0,Low
2026-06-10 21:15:39,34,34,512,512,False,1.0,0,Low
2026-06-10 23:00:01,34,34,512,512,False,1.0,0,Low
2026-06-11 01:33:46,34,34,512,512,False,1.0,0,Low
2026-06-11 06:23:38,24,34,726,512,False,0.7059,214,Low
2026-06-11 11:09:39,24,35,726,497,False,0.6857,229,Medium
2026-06-11 14:56:01,19,35,917,497,False,0.5429,420,Medium
2026-06-11 18:21:31,34,34,512,512,False,1.0,0,Low
2026-06-11 20:41:41,34,34,512,512,False,1.0,0,Low
2026-06-11 22:29:53,34,34,512,512,False,1.0,0,Low
2026-06-12 00:07:21,34,34,512,512,False,1.0,0,Low
2026-06-12 05:01:58,25,33,696,528,False,0.7576,168,Low
2026-06-12 09:09:23,34,34,512,512,False,1.0,0,Low
2026-06-12 12:31:21,23,34,757,512,False,0.6765,245,Medium
2026-06-12 15:51:02,18,34,968,512,False,0.5294,456,Medium
2026-06-12 18:01:09,31,34,562,512,False,0.9118,50,Low
2026-06-12 20:22:25,34,34,512,512,False,1.0,0,Low
2026-06-12 22:05:41,34,34,512,512,False,1.0,0,Low
2026-06-12 23:46:44,34,34,512,512,False,1.0,0,Low
2026-06-13 01:55:51,34,34,512,512,False,1.0,0,Low
2026-06-13 06:23:04,29,35,600,497,False,0.8286,103,Low
2026-06-13 09:42:25,25,35,696,497,False,0.7143,199,Low
2026-06-13 11:32:56,20,35,871,497,False,0.5714,374,Medium
2026-06-13 13:11:47,23,34,757,512,False,0.6765,245,Medium
2026-06-13 15:13:10,21,34,829,512,False,0.6176,317,Medium
2026-06-13 16:50:53,34,34,512,512,False,1.0,0,Low
2026-06-13 18:03:17,34,34,512,512,False,1.0,0,Low
2026-06-13 19:51:25,34,34,512,512,False,1.0,0,Low
2026-06-13 21:08:42,34,34,512,512,False,1.0,0,Low
2026-06-13 22:19:06,34,34,512,512,False,1.0,0,Low
2026-06-13 23:36:55,34,34,512,512,False,1.0,0,Low
2026-06-14 02:00:05,34,34,512,512,False,1.0,0,Low
2026-06-14 06:54:14,25,35,696,497,False,0.7143,199,Low
2026-06-14 10:25:53,26,34,670,512,False,0.7647,158,Low
2026-06-14 12:24:38,25,35,696,497,False,0.7143,199,Low
2026-06-14 14:42:05,24,35,726,497,False,0.6857,229,Medium
2026-06-14 16:13:24,34,34,512,512,False,1.0,0,Low
2026-06-14 17:52:01,34,34,512,512,False,1.0,0,Low
2026-06-14 19:20:09,34,34,512,512,False,1.0,0,Low
2026-06-14 20:44:45,34,34,512,512,False,1.0,0,Low
2026-06-14 21:59:21,34,34,512,512,False,1.0,0,Low
2026-06-14 23:21:39,34,34,512,512,False,1.0,0,Low
2026-06-15 01:58:31,34,34,512,512,False,1.0,0,Low
2026-06-15 07:31:29,34,34,512,512,False,1.0,0,Low
2026-06-15 13:35:47,23,35,757,497,False,0.6571,260,Medium
2026-06-15 18:14:24,34,34,512,512,False,1.0,0,Low
2026-06-15 21:27:31,34,34,512,512,False,1.0,0,Low
2026-06-15 23:20:14,34,34,512,512,False,1.0,0,Low
2026-06-16 02:04:51,34,34,512,512,False,1.0,0,Low
2026-06-16 07:40:33,26,35,670,497,False,0.7429,173,Low
2026-06-16 12:32:34,22,34,792,512,False,0.6471,280,Medium
2026-06-16 17:36:29,34,34,512,512,False,1.0,0,Low
2026-06-16 20:31:43,34,34,512,512,False,1.0,0,Low
2026-06-16 22:33:14,34,34,512,512,False,1.0,0,Low
2026-06-17 00:02:48,34,34,512,512,False,1.0,0,Low
2026-06-17 05:08:49,26,33,670,528,False,0.7879,142,Low
2026-06-17 10:03:58,28,35,622,497,False,0.8,125,Low
2026-06-17 13:57:55,22,35,792,497,False,0.6286,295,Medium
2026-06-17 17:14:48,34,34,512,512,False,1.0,0,Low
2026-06-17 19:32:37,34,34,512,512,False,1.0,0,Low
2026-06-17 21:32:01,34,34,512,512,False,1.0,0,Low
2026-06-17 23:06:06,34,34,512,512,False,1.0,0,Low
2026-06-18 01:39:47,34,34,512,512,False,1.0,0,Low
2026-06-18 06:29:16,25,34,696,512,False,0.7353,184,Low
2026-06-18 10:57:36,24,35,726,497,False,0.6857,229,Medium
2026-06-18 14:17:05,19,36,917,484,False,0.5278,433,Medium
2026-06-18 17:36:41,34,34,512,512,False,1.0,0,Low
2026-06-18 19:55:37,34,34,512,512,False,1.0,0,Low
2026-06-18 22:19:13,34,34,512,512,False,1.0,0,Low
2026-06-19 00:05:18,34,34,512,512,False,1.0,0,Low
2026-06-19 05:22:14,26,35,670,497,False,0.7429,173,Low
2026-06-19 09:58:07,28,35,622,497,False,0.8,125,Low
2026-06-19 13:42:09,19,35,917,497,False,0.5429,420,Medium
2026-06-19 16:23:45,24,34,726,512,False,0.7059,214,Low
2026-06-19 18:16:15,34,34,512,512,False,1.0,0,Low
2026-06-19 20:07:55,34,34,512,512,False,1.0,0,Low
2026-06-19 21:34:13,34,34,512,512,False,1.0,0,Low
2026-06-19 22:35:02,34,34,512,512,False,1.0,0,Low
2026-06-19 23:45:50,34,34,512,512,False,1.0,0,Low
2026-06-20 01:55:28,34,34,512,512,False,1.0,0,Low
2026-06-20 06:27:37,28,35,622,497,False,0.8,125,Low
2026-06-20 09:50:59,24,35,726,497,False,0.6857,229,Medium
2026-06-20 11:52:08,17,35,1024,497,False,0.4857,527,Medium
2026-06-20 13:54:10,21,35,829,497,False,0.6,332,Medium
2026-06-20 15:46:10,27,34,645,512,False,0.7941,133,Low
2026-06-20 17:10:22,34,34,512,512,False,1.0,0,Low
2026-06-20 18:47:04,34,34,512,512,False,1.0,0,Low
2026-06-20 20:08:13,34,34,512,512,False,1.0,0,Low
2026-06-20 21:39:43,34,34,512,512,False,1.0,0,Low
2026-06-20 22:49:48,34,34,512,512,False,1.0,0,Low
2026-06-20 23:58:37,34,34,512,512,False,1.0,0,Low
2026-06-21 05:10:11,25,35,696,497,False,0.7143,199,Low
2026-06-21 09:02:37,19,35,917,497,False,0.5429,420,Medium
2026-06-21 11:51:17,26,34,670,512,False,0.7647,158,Low
2026-06-21 13:55:38,26,34,670,512,False,0.7647,158,Low
2026-06-21 15:57:55,27,34,645,512,False,0.7941,133,Low
2026-06-21 17:46:40,34,34,512,512,False,1.0,0,Low
2026-06-21 19:07:03,34,34,512,512,False,1.0,0,Low
2026-06-21 20:46:32,34,34,512,512,False,1.0,0,Low
2026-06-21 22:05:06,34,34,512,512,False,1.0,0,Low
2026-06-21 23:42:57,34,34,512,512,False,1.0,0,Low
2026-06-22 02:10:40,34,34,512,512,False,1.0,0,Low
2026-06-22 07:42:58,24,34,726,512,False,0.7059,214,Low
2026-06-22 13:20:08,20,35,871,497,False,0.5714,374,Medium
2026-06-22 17:59:11,34,34,512,512,False,1.0,0,Low
2026-06-22 21:10:38,34,34,512,512,False,1.0,0,Low
2026-06-22 22:55:48,34,34,512,512,False,1.0,0,Low
2026-06-23 00:14:11,34,34,512,512,False,1.0,0,Low
2026-06-23 04:33:18,26,34,670,512,False,0.7647,158,Low
2026-06-23 08:08:07,28,35,622,497,False,0.8,125,Low
2026-06-23 11:31:18,25,35,696,497,False,0.7143,199,Low
2026-06-23 14:02:23,20,35,871,497,False,0.5714,374,Medium
2026-06-23 16:37:29,32,36,544,484,False,0.8889,60,Low
2026-06-23 18:30:43,34,34,512,512,False,1.0,0,Low
2026-06-23 20:36:46,34,34,512,512,False,1.0,0,Low
2026-06-23 22:03:57,34,34,512,512,False,1.0,0,Low
2026-06-23 23:20:03,34,34,512,512,False,1.0,0,Low
2026-06-24 01:22:02,34,34,512,512,False,1.0,0,Low
2026-06-24 05:33:52,27,35,645,497,False,0.7714,148,Low
2026-06-24 08:41:05,25,35,696,497,False,0.7143,199,Low
2026-06-24 11:32:06,22,36,792,484,False,0.6111,308,Medium
2026-06-24 13:49:40,19,34,917,512,False,0.5588,405,Medium
2026-06-24 16:08:05,26,35,670,497,False,0.7429,173,Low
2026-06-24 18:07:05,34,34,512,512,False,1.0,0,Low
2026-06-24 20:05:56,34,34,512,512,False,1.0,0,Low
2026-06-24 21:43:36,34,34,512,512,False,1.0,0,Low
2026-06-24 22:55:07,34,34,512,512,False,1.0,0,Low
2026-06-25 00:17:19,34,34,512,512,False,1.0,0,Low
2026-06-25 04:38:10,26,35,670,497,False,0.7429,173,Low
2026-06-25 08:04:01,25,35,696,497,False,0.7143,199,Low
2026-06-25 10:52:25,25,33,696,528,False,0.7576,168,Low
2026-06-25 13:13:51,23,35,757,497,False,0.6571,260,Medium
2026-06-25 15:48:00,28,35,622,497,False,0.8,125,Low
2026-06-25 17:58:03,34,34,512,512,False,1.0,0,Low
2026-06-25 20:17:54,34,34,512,512,False,1.0,0,Low
2026-06-25 21:56:52,34,34,512,512,False,1.0,0,Low
2026-06-25 23:24:57,34,34,512,512,False,1.0,0,Low
2026-06-26 01:37:40,34,34,512,512,False,1.0,0,Low
2026-06-26 05:55:49,30,35,580,497,False,0.8571,83,Low
2026-06-26 09:39:25,28,35,622,497,False,0.8,125,Low
2026-06-26 12:01:40,23,33,757,528,False,0.697,229,Medium
2026-06-26 14:44:08,25,35,696,497,False,0.7143,199,Low
2026-06-26 16:52:37,25,34,696,512,False,0.7353,184,Low
2026-06-26 18:50:09,34,34,512,512,False,1.0,0,Low
2026-06-26 20:27:13,34,34,512,512,False,1.0,0,Low
2026-06-26 21:49:45,34,34,512,512,False,1.0,0,Low
2026-06-26 22:58:44,34,34,512,512,False,1.0,0,Low
2026-06-27 00:17:40,34,34,512,512,False,1.0,0,Low
2026-06-27 04:30:14,31,35,562,497,False,0.8857,65,Low
2026-06-27 07:37:38,29,35,600,497,False,0.8286,103,Low
2026-06-27 09:50:34,27,35,645,497,False,0.7714,148,Low
2026-06-27 11:22:07,24,33,726,528,False,0.7273,198,Low
2026-06-27 12:50:59,24,35,726,497,False,0.6857,229,Medium
2026-06-27 14:23:47,27,35,645,497,False,0.7714,148,Low
2026-06-27 15:48:44,27,34,645,512,False,0.7941,133,Low
2026-06-27 16:52:41,28,34,622,512,False,0.8235,110,Low
2026-06-27 18:00:41,34,34,512,512,False,1.0,0,Low
2026-06-27 19:41:43,34,34,512,512,False,1.0,0,Low
2026-06-27 20:44:00,34,34,512,512,False,1.0,0,Low
2026-06-27 21:46:35,34,34,512,512,False,1.0,0,Low
2026-06-27 22:46:51,34,34,512,512,False,1.0,0,Low
2026-06-27 23:46:36,34,34,512,512,False,1.0,0,Low
2026-06-28 01:57:54,34,34,512,512,False,1.0,0,Low
2026-06-28 06:34:42,27,33,645,528,False,0.8182,117,Low
2026-06-28 09:45:49,22,33,792,528,False,0.6667,264,Medium
2026-06-28 11:27:24,27,35,645,497,False,0.7714,148,Low
2026-06-28 13:00:45,24,34,726,512,False,0.7059,214,Low
2026-06-28 14:54:21,25,34,696,512,False,0.7353,184,Low
2026-06-28 16:12:44,30,35,580,497,False,0.8571,83,Low
2026-06-28 17:37:17,34,34,512,512,False,1.0,0,Low
2026-06-28 18:49:23,34,34,512,512,False,1.0,0,Low
2026-06-28 20:04:25,34,34,512,512,False,1.0,0,Low
2026-06-28 21:17:15,34,34,512,512,False,1.0,0,Low
2026-06-28 22:31:50,34,34,512,512,False,1.0,0,Low
2026-06-28 23:42:47,34,34,512,512,False,1.0,0,Low
2026-06-29 01:56:59,34,34,512,512,False,1.0,0,Low
2026-06-29 07:00:01,24,34,726,512,False,0.7059,214,Low
2026-06-29 12:06:27,21,32,829,544,False,0.6562,285,Medium
2026-06-29 16:09:25,25,34,696,512,False,0.7353,184,Low
2026-06-29 18:23:37,34,34,512,512,False,1.0,0,Low
2026-06-29 20:24:35,34,34,512,512,False,1.0,0,Low
2026-06-29 21:52:22,34,34,512,512,False,1.0,0,Low
2026-06-29 22:53:53,34,34,512,512,False,1.0,0,Low
2026-06-30 00:05:08,34,34,512,512,False,1.0,0,Low
2026-06-30 04:22:32,26,34,670,512,False,0.7647,158,Low
2026-06-30 08:05:38,28,35,622,497,False,0.8,125,Low
2026-06-30 11:20:44,28,35,622,497,False,0.8,125,Low
2026-06-30 13:19:55,19,35,917,497,False,0.5429,420,Medium
2026-06-30 15:45:48,29,36,600,484,False,0.8056,116,Low
2026-06-30 17:31:13,34,34,512,512,False,1.0,0,Low
2026-06-30 19:23:20,34,34,512,512,False,1.0,0,Low
2026-06-30 21:14:14,34,34,512,512,False,1.0,0,Low
2026-06-30 22:43:22,34,34,512,512,False,1.0,0,Low
2026-06-30 23:52:59,34,34,512,512,False,1.0,0,Low
2026-07-01 03:41:44,26,34,670,512,False,0.7647,158,Low
2026-07-01 07:58:57,27,35,645,497,False,0.7714,148,Low
2026-07-01 11:31:41,23,35,757,497,False,0.6571,260,Medium
2026-07-01 13:53:32,18,33,968,528,False,0.5455,440,Medium
2026-07-01 16:26:27,26,33,670,528,False,0.7879,142,Low
2026-07-01 18:26:36,34,34,512,512,False,1.0,0,Low
2026-07-01 20:26:18,34,34,512,512,False,1.0,0,Low
2026-07-01 22:05:02,34,34,512,512,False,1.0,0,Low
2026-07-01 23:40:50,34,34,512,512,False,1.0,0,Low
2026-07-02 01:50:37,34,34,512,512,False,1.0,0,Low
2026-07-02 05:51:48,24,34,726,512,False,0.7059,214,Low
2026-07-02 08:48:49,27,35,645,497,False,0.7714,148,Low
2026-07-02 11:24:22,24,35,726,497,False,0.6857,229,Medium
2026-07-02 13:17:20,25,35,696,497,False,0.7143,199,Low
2026-07-02 15:36:39,28,35,622,497,False,0.8,125,Low
2026-07-02 17:18:49,34,34,512,512,False,1.0,0,Low
2026-07-02 18:53:20,34,34,512,512,False,1.0,0,Low
2026-07-02 20:17:30,34,34,512,512,False,1.0,0,Low
2026-07-02 21:37:38,34,34,512,512,False,1.0,0,Low
2026-07-02 22:45:48,34,34,512,512,False,1.0,0,Low
2026-07-02 23:49:47,34,34,512,512,False,1.0,0,Low
2026-07-03 01:54:57,34,34,512,512,False,1.0,0,Low
2026-07-03 05:57:07,25,35,696,497,False,0.7143,199,Low
2026-07-03 09:31:34,28,34,622,512,False,0.8235,110,Low
2026-07-03 11:53:35,24,34,726,512,False,0.7059,214,Low
2026-07-03 14:03:49,21,35,829,497,False,0.6,332,Medium
2026-07-03 15:59:34,26,35,670,497,False,0.7429,173,Low
2026-07-03 17:42:12,29,34,600,512,False,0.8529,88,Low
2026-07-03 18:52:51,34,34,512,512,False,1.0,0,Low
2026-07-03 20:12:51,34,34,512,512,False,1.0,0,Low
2026-07-03 21:34:15,34,34,512,512,False,1.0,0,Low
2026-07-03 22:39:28,34,34,512,512,False,1.0,0,Low
2026-07-03 23:43:26,34,34,512,512,False,1.0,0,Low
2026-07-04 01:19:52,34,34,512,512,False,1.0,0,Low
2026-07-04 05:00:52,34,34,512,512,False,1.0,0,Low
2026-07-04 08:01:20,24,33,726,528,False,0.7273,198,Low
2026-07-04 10:21:57,25,35,696,497,False,0.7143,199,Low
2026-07-04 11:49:59,20,34,871,512,False,0.5882,359,Medium
2026-07-04 12:59:42,23,35,757,497,False,0.6571,260,Medium
2026-07-04 14:43:21,15,34,1161,512,False,0.4412,649,Medium
2026-07-04 15:48:03,27,35,645,497,False,0.7714,148,Low
2026-07-04 16:45:59,34,34,512,512,False,1.0,0,Low
2026-07-04 17:50:37,34,34,512,512,False,1.0,0,Low
2026-07-04 18:58:33,34,34,512,512,False,1.0,0,Low
2026-07-04 20:13:52,34,34,512,512,False,1.0,0,Low
2026-07-04 21:15:39,34,34,512,512,False,1.0,0,Low
2026-07-04 22:14:44,34,34,512,512,False,1.0,0,Low
2026-07-04 23:17:24,34,34,512,512,False,1.0,0,Low
2026-07-05 01:11:36,34,34,512,512,False,1.0,0,Low
2026-07-05 05:09:31,34,34,512,512,False,1.0,0,Low
2026-07-05 08:18:16,26,35,670,497,False,0.7429,173,Low
2026-07-05 10:31:47,26,35,670,497,False,0.7429,173,Low
2026-07-05 12:00:26,24,33,726,528,False,0.7273,198,Low
2026-07-05 14:01:56,27,35,645,497,False,0.7714,148,Low
2026-07-05 15:32:44,28,34,622,512,False,0.8235,110,Low
2026-07-05 16:38:31,34,34,512,512,False,1.0,0,Low
2026-07-05 17:45:30,34,34,512,512,False,1.0,0,Low
2026-07-05 18:51:25,34,34,512,512,False,1.0,0,Low
2026-07-05 20:09:23,34,34,512,512,False,1.0,0,Low
2026-07-05 21:19:29,34,34,512,512,False,1.0,0,Low
2026-07-05 22:28:12,34,34,512,512,False,1.0,0,Low
2026-07-05 23:38:36,34,34,512,512,False,1.0,0,Low
2026-07-06 01:23:28,34,34,512,512,False,1.0,0,Low
2026-07-06 05:56:24,24,33,726,528,False,0.7273,198,Low
2026-07-06 10:54:20,25,34,696,512,False,0.7353,184,Low
2026-07-06 14:27:48,26,35,670,497,False,0.7429,173,Low
2026-07-06 17:21:52,34,34,512,512,False,1.0,0,Low
2026-07-06 19:13:21,34,34,512,512,False,1.0,0,Low
2026-07-06 21:03:24,34,34,512,512,False,1.0,0,Low
2026-07-06 22:33:24,34,34,512,512,False,1.0,0,Low
2026-07-06 23:42:03,34,34,512,512,False,1.0,0,Low
2026-07-07 01:25:44,34,34,512,512,False,1.0,0,Low
2026-07-07 05:44:02,28,35,622,497,False,0.8,125,Low
2026-07-07 08:56:20,28,34,622,512,False,0.8235,110,Low
2026-07-07 12:02:19,25,35,696,497,False,0.7143,199,Low
2026-07-07 15:09:56,28,35,622,497,False,0.8,125,Low
2026-07-07 17:26:11,34,34,512,512,False,1.0,0,Low
2026-07-07 19:21:35,34,34,512,512,False,1.0,0,Low
2026-07-07 21:04:00,34,34,512,512,False,1.0,0,Low
2026-07-07 22:20:39,34,34,512,512,False,1.0,0,Low
2026-07-07 23:27:19,34,34,512,512,False,1.0,0,Low
2026-07-08 01:03:30,34,34,512,512,False,1.0,0,Low
2026-07-08 04:28:16,28,34,622,512,False,0.8235,110,Low
2026-07-08 07:07:33,26,35,670,497,False,0.7429,173,Low
2026-07-08 09:35:58,28,35,622,497,False,0.8,125,Low
2026-07-08 11:29:00,22,35,792,497,False,0.6286,295,Medium
2026-07-08 13:11:59,18,35,968,497,False,0.5143,471,Medium
2026-07-08 15:36:36,26,35,670,497,False,0.7429,173,Low
2026-07-08 17:06:16,34,34,512,512,False,1.0,0,Low
2026-07-08 18:42:30,34,34,512,512,False,1.0,0,Low
2026-07-08 20:11:10,34,34,512,512,False,1.0,0,Low
2026-07-08 21:32:33,34,34,512,512,False,1.0,0,Low
2026-07-08 22:38:44,34,34,512,512,False,1.0,0,Low
2026-07-08 23:45:09,34,34,512,512,False,1.0,0,Low
2026-07-09 01:21:06,34,34,512,512,False,1.0,0,Low
2026-07-09 05:37:07,27,35,645,497,False,0.7714,148,Low
2026-07-09 08:53:02,26,34,670,512,False,0.7647,158,Low
2026-07-09 11:55:56,25,33,696,528,False,0.7576,168,Low
2026-07-09 15:24:23,27,35,645,497,False,0.7714,148,Low
2026-07-09 17:29:10,28,34,622,512,False,0.8235,110,Low
2026-07-09 19:09:42,34,34,512,512,False,1.0,0,Low
2026-07-09 20:56:23,34,34,512,512,False,1.0,0,Low
2026-07-09 22:38:01,34,34,512,512,False,1.0,0,Low
2026-07-09 23:49:53,34,34,512,512,False,1.0,0,Low
2026-07-10 01:55:41,34,34,512,512,False,1.0,0,Low
2026-07-10 06:10:21,29,35,600,497,False,0.8286,103,Low
2026-07-10 09:53:38,25,36,696,484,False,0.6944,212,Medium
2026-07-10 12:25:10,24,35,726,497,False,0.6857,229,Medium
2026-07-10 15:13:22,25,35,696,497,False,0.7143,199,Low
2026-07-10 17:12:11,34,34,512,512,False,1.0,0,Low
2026-07-10 18:47:52,34,34,512,512,False,1.0,0,Low
2026-07-10 20:08:53,34,34,512,512,False,1.0,0,Low
2026-07-10 21:20:05,34,34,512,512,False,1.0,0,Low
2026-07-10 22:30:49,34,34,512,512,False,1.0,0,Low
2026-07-10 23:33:24,34,34,512,512,False,1.0,0,Low
2026-07-11 01:04:52,34,34,512,512,False,1.0,0,Low
2026-07-11 04:25:12,26,33,670,528,False,0.7879,142,Low
2026-07-11 06:36:28,24,35,726,497,False,0.6857,229,Medium
2026-07-11 08:26:52,22,34,792,512,False,0.6471,280,Medium
2026-07-11 10:02:17,23,34,757,512,False,0.6765,245,Medium
2026-07-11 11:16:41,22,34,792,512,False,0.6471,280,Medium
2026-07-11 12:09:39,21,36,829,484,False,0.5833,345,Medium
2026-07-11 13:54:52,23,35,757,497,False,0.6571,260,Medium
2026-07-11 14:57:31,25,34,696,512,False,0.7353,184,Low
2026-07-11 16:01:43,28,35,622,497,False,0.8,125,Low
2026-07-11 17:10:51,34,34,512,512,False,1.0,0,Low
2026-07-11 18:08:46,34,34,512,512,False,1.0,0,Low
2026-07-11 19:31:44,34,34,512,512,False,1.0,0,Low
2026-07-11 20:25:22,34,34,512,512,False,1.0,0,Low
2026-07-11 21:23:25,34,34,512,512,False,1.0,0,Low
2026-07-11 22:21:13,34,34,512,512,False,1.0,0,Low
2026-07-11 23:23:31,34,34,512,512,False,1.0,0,Low
2026-07-12 01:03:50,34,34,512,512,False,1.0,0,Low
2026-07-12 04:35:01,26,34,670,512,False,0.7647,158,Low
2026-07-12 07:13:54,27,35,645,497,False,0.7714,148,Low
2026-07-12 09:19:38,28,35,622,497,False,0.8,125,Low
2026-07-12 10:50:20,25,34,696,512,False,0.7353,184,Low
2026-07-12 11:52:43,34,34,512,512,False,1.0,0,Low
2026-07-12 13:02:32,26,34,670,512,False,0.7647,158,Low
2026-07-12 14:36:24,24,34,726,512,False,0.7059,214,Low
2026-07-12 15:40:05,27,33,645,528,False,0.8182,117,Low
2026-07-12 16:36:09,34,34,512,512,False,1.0,0,Low
2026-07-12 17:41:25,34,34,512,512,False,1.0,0,Low
2026-07-12 18:39:27,34,34,512,512,False,1.0,0,Low
2026-07-12 19:52:01,34,34,512,512,False,1.0,0,Low
2026-07-12 20:40:07,34,34,512,512,False,1.0,0,Low
2026-07-12 21:33:59,34,34,512,512,False,1.0,0,Low
2026-07-12 22:28:36,34,34,512,512,False,1.0,0,Low
2026-07-12 23:31:52,34,34,512,512,False,1.0,0,Low
2026-07-13 01:10:52,34,34,512,512,False,1.0,0,Low
2026-07-13 04:48:26,26,35,670,497,False,0.7429,173,Low
2026-07-13 07:58:59,28,35,622,497,False,0.8,125,Low
2026-07-13 11:24:56,23,34,757,512,False,0.6765,245,Medium
2026-07-13 13:35:51,19,35,917,497,False,0.5429,420,Medium
2026-07-13 16:11:17,34,34,512,512,False,1.0,0,Low
2026-07-13 18:10:24,34,34,512,512,False,1.0,0,Low
2026-07-13 19:50:15,34,34,512,512,False,1.0,0,Low
2026-07-13 20:49:57,34,34,512,512,False,1.0,0,Low
2026-07-13 21:44:34,34,34,512,512,False,1.0,0,Low
2026-07-13 22:40:03,34,34,512,512,False,1.0,0,Low
2026-07-13 23:37:06,34,34,512,512,False,1.0,0,Low
2026-07-14 01:03:13,34,34,512,512,False,1.0,0,Low
2026-07-14 04:14:01,27,35,645,497,False,0.7714,148,Low
2026-07-14 06:29:14,27,36,645,484,False,0.75,161,Low
2026-07-14 08:39:30,25,34,696,512,False,0.7353,184,Low
2026-07-14 10:25:03,25,34,696,512,False,0.7353,184,Low
2026-07-14 11:55:47,26,35,670,497,False,0.7429,173,Low
2026-07-14 13:57:52,23,36,757,484,False,0.6389,273,Medium
2026-07-14 15:36:56,27,34,645,512,False,0.7941,133,Low
2026-07-14 16:50:21,34,34,512,512,False,1.0,0,Low
2026-07-14 17:56:15,34,34,512,512,False,1.0,0,Low
2026-07-14 19:36:56,34,34,512,512,False,1.0,0,Low
2026-07-14 20:42:35,34,34,512,512,False,1.0,0,Low
2026-07-14 21:40:41,34,34,512,512,False,1.0,0,Low
2026-07-14 22:40:53,34,34,512,512,False,1.0,0,Low
2026-07-14 23:35:35,34,34,512,512,False,1.0,0,Low
2026-07-15 00:58:28,34,34,512,512,False,1.0,0,Low
2026-07-15 04:12:12,25,33,696,528,False,0.7576,168,Low
2026-07-15 06:30:00,24,34,726,512,False,0.7059,214,Low
2026-07-15 08:56:46,28,35,622,497,False,0.8,125,Low
2026-07-15 10:57:38,26,34,670,512,False,0.7647,158,Low
2026-07-15 12:20:52,21,35,829,497,False,0.6,332,Medium
2026-07-15 14:17:44,21,36,829,484,False,0.5833,345,Medium
2026-07-15 15:56:15,26,34,670,512,False,0.7647,158,Low
2026-07-15 17:24:32,32,35,544,497,False,0.9143,47,Low
2026-07-15 18:38:09,34,34,512,512,False,1.0,0,Low
2026-07-15 19:50:37,34,34,512,512,False,1.0,0,Low
2026-07-15 20:51:19,34,34,512,512,False,1.0,0,Low
2026-07-15 21:52:50,34,34,512,512,False,1.0,0,Low
2026-07-15 22:56:44,34,34,512,512,False,1.0,0,Low
2026-07-16 00:05:09,34,34,512,512,False,1.0,0,Low
2026-07-16 03:33:08,26,33,670,528,False,0.7879,142,Low
2026-07-16 06:01:47,28,35,622,497,False,0.8,125,Low
2026-07-16 08:29:21,29,35,600,497,False,0.8286,103,Low
2026-07-16 10:30:07,26,34,670,512,False,0.7647,158,Low
2026-07-16 12:05:12,23,35,757,497,False,0.6571,260,Medium
2026-07-16 14:18:19,18,34,968,512,False,0.5294,456,Medium
2026-07-16 15:51:09,25,36,696,484,False,0.6944,212,Medium
2026-07-16 17:08:06,34,34,512,512,False,1.0,0,Low
2026-07-16 18:19:08,34,34,512,512,False,1.0,0,Low
2026-07-16 19:37:14,34,34,512,512,False,1.0,0,Low
2026-07-16 20:34:36,34,34,512,512,False,1.0,0,Low
2026-07-16 21:42:40,34,34,512,512,False,1.0,0,Low
2026-07-16 22:41:13,34,34,512,512,False,1.0,0,Low
2026-07-16 23:40:38,34,34,512,512,False,1.0,0,Low
2026-07-17 01:12:57,34,34,512,512,False,1.0,0,Low
2026-07-17 04:28:24,26,34,670,512,False,0.7647,158,Low
2026-07-17 06:58:48,26,36,670,484,False,0.7222,186,Low
2026-07-17 09:17:03,26,34,670,512,False,0.7647,158,Low
2026-07-17 10:59:13,25,34,696,512,False,0.7353,184,Low
2026-07-17 12:17:32,20,34,871,512,False,0.5882,359,Medium
2026-07-17 14:08:10,18,36,968,484,False,0.5,484,Medium
2026-07-17 15:39:03,24,35,726,497,False,0.6857,229,Medium
2026-07-17 16:47:31,27,33,645,528,False,0.8182,117,Low
2026-07-17 17:52:26,34,34,512,512,False,1.0,0,Low
2026-07-17 19:02:27,34,34,512,512,False,1.0,0,Low
2026-07-17 20:12:58,34,34,512,512,False,1.0,0,Low
2026-07-17 21:09:59,34,34,512,512,False,1.0,0,Low
2026-07-17 22:06:55,34,34,512,512,False,1.0,0,Low
2026-07-17 23:06:40,34,34,512,512,False,1.0,0,Low
2026-07-18 00:07:15,34,34,512,512,False,1.0,0,Low
2026-07-18 03:29:58,34,34,512,512,False,1.0,0,Low
2026-07-18 05:49:33,27,34,645,512,False,0.7941,133,Low
2026-07-18 07:24:51,24,35,726,497,False,0.6857,229,Medium
2026-07-18 09:08:42,23,34,757,512,False,0.6765,245,Medium
2026-07-18 10:40:38,21,36,829,484,False,0.5833,345,Medium
2026-07-18 11:37:39,24,35,726,497,False,0.6857,229,Medium
2026-07-18 12:37:53,21,35,829,497,False,0.6,332,Medium
2026-07-18 14:08:45,18,36,968,484,False,0.5,484,Medium
2026-07-18 15:14:34,25,35,696,497,False,0.7143,199,Low
2026-07-18 16:13:30,27,34,645,512,False,0.7941,133,Low
2026-07-18 17:17:30,26,35,670,497,False,0.7429,173,Low
2026-07-18 18:12:32,34,34,512,512,False,1.0,0,Low
2026-07-18 19:34:41,34,34,512,512,False,1.0,0,Low
2026-07-18 20:25:38,34,34,512,512,False,1.0,0,Low
2026-07-18 21:26:08,34,34,512,512,False,1.0,0,Low
2026-07-18 22:25:25,34,34,512,512,False,1.0,0,Low
2026-07-18 23:28:29,34,34,512,512,False,1.0,0,Low
2026-07-19 01:04:47,34,34,512,512,False,1.0,0,Low
2026-07-19 04:31:50,34,34,512,512,False,1.0,0,Low
2026-07-19 07:10:55,26,33,670,528,False,0.7879,142,Low
2026-07-19 09:18:07,27,35,645,497,False,0.7714,148,Low
2026-07-19 10:48:04,25,34,696,512,False,0.7353,184,Low
2026-07-19 11:46:07,28,34,622,512,False,0.8235,110,Low
2026-07-19 12:41:36,34,34,512,512,False,1.0,0,Low
2026-07-19 14:14:31,26,34,670,512,False,0.7647,158,Low
2026-07-19 15:26:33,27,33,645,528,False,0.8182,117,Low
2026-07-19 16:28:02,28,34,622,512,False,0.8235,110,Low
2026-07-19 17:34:11,34,34,512,512,False,1.0,0,Low
2026-07-19 18:35:07,34,34,512,512,False,1.0,0,Low
2026-07-19 19:50:23,34,34,512,512,False,1.0,0,Low
2026-07-19 20:38:08,34,34,512,512,False,1.0,0,Low
2026-07-19 21:34:31,34,34,512,512,False,1.0,0,Low
2026-07-19 22:31:41,34,34,512,512,False,1.0,0,Low
2026-07-19 23:34:34,34,34,512,512,False,1.0,0,Low
2026-07-20 01:11:19,34,34,512,512,False,1.0,0,Low
2026-07-20 04:54:16,27,35,645,497,False,0.7714,148,Low
2026-07-20 08:06:17,23,34,757,512,False,0.6765,245,Medium
2026-07-20 11:11:35,23,35,757,497,False,0.6571,260,Medium
2026-07-20 13:18:09,18,35,968,497,False,0.5143,471,Medium
2026-07-20 15:23:56,27,35,645,497,False,0.7714,148,Low
2026-07-20 16:55:56,33,35,528,497,False,0.9429,31,Low
2026-07-20 18:57:06,34,34,512,512,False,1.0,0,Low
2026-07-20 20:26:06,34,34,512,512,False,1.0,0,Low
2026-07-20 21:45:08,34,34,512,512,False,1.0,0,Low
2026-07-20 22:41:22,34,34,512,512,False,1.0,0,Low
2026-07-20 23:42:03,34,34,512,512,False,1.0,0,Low
2026-07-21 01:11:45,34,34,512,512,False,1.0,0,Low
2026-07-21 04:33:55,26,35,670,497,False,0.7429,173,Low
2026-07-21 07:16:58,25,34,696,512,False,0.7353,184,Low
2026-07-21 09:45:37,27,33,645,528,False,0.8182,117,Low
2026-07-21 11:32:32,26,35,670,497,False,0.7429,173,Low
2026-07-21 13:01:52,21,35,829,497,False,0.6,332,Medium
2026-07-21 15:14:05,27,35,645,497,False,0.7714,148,Low
2026-07-21 16:48:11,34,34,512,512,False,1.0,0,Low
2026-07-21 18:04:17,34,34,512,512,False,1.0,0,Low
2026-07-21 19:47:44,34,34,512,512,False,1.0,0,Low
2026-07-21 20:54:29,34,34,512,512,False,1.0,0,Low
2026-07-21 22:04:41,34,34,512,512,False,1.0,0,Low
2026-07-21 23:09:31,34,34,512,512,False,1.0,0,Low
2026-07-22 00:08:13,34,34,512,512,False,1.0,0,Low
2026-07-22 03:45:27,27,34,645,512,False,0.7941,133,Low
2026-07-22 06:17:19,26,35,670,497,False,0.7429,173,Low
2026-07-22 09:04:18,27,34,645,512,False,0.7941,133,Low
2026-07-22 11:17:24,25,35,696,497,False,0.7143,199,Low
2026-07-22 12:51:30,21,34,829,512,False,0.6176,317,Medium
2026-07-22 15:00:14,24,34,726,512,False,0.7059,214,Low
2026-07-22 16:39:20,34,34,512,512,False,1.0,0,Low
2026-07-22 17:53:52,34,34,512,512,False,1.0,0,Low
2026-07-22 19:20:28,34,34,512,512,False,1.0,0,Low
2026-07-22 20:35:37,34,34,512,512,False,1.0,0,Low
2026-07-22 21:42:30,34,34,512,512,False,1.0,0,Low
2026-07-22 22:44:06,34,34,512,512,False,1.0,0,Low
2026-07-22 23:45:37,34,34,512,512,False,1.0,0,Low
2026-07-23 01:17:59,34,34,512,512,False,1.0,0,Low
2026-07-23 04:42:01,28,33,622,528,False,0.8485,94,Low
2026-07-23 07:22:11,23,35,757,497,False,0.6571,260,Medium
2026-07-23 09:55:32,24,34,726,512,False,0.7059,214,Low
2026-07-23 11:53:42,26,35,670,497,False,0.7429,173,Low
2026-07-23 14:00:18,23,34,757,512,False,0.6765,245,Medium
2026-07-23 16:00:32,26,34,670,512,False,0.7647,158,Low
2026-07-23 17:41:59,34,34,512,512,False,1.0,0,Low
2026-07-23 18:51:14,34,34,512,512,False,1.0,0,Low
2026-07-23 20:08:23,34,34,512,512,False,1.0,0,Low
2026-07-23 21:28:18,34,34,512,512,False,1.0,0,Low
2026-07-23 22:32:52,34,34,512,512,False,1.0,0,Low
2026-07-23 23:32:46,34,34,512,512,False,1.0,0,Low
2026-07-24 01:03:23,34,34,512,512,False,1.0,0,Low
2026-07-24 04:27:36,27,33,645,528,False,0.8182,117,Low
2026-07-24 07:11:30,26,35,670,497,False,0.7429,173,Low
2026-07-24 09:35:41,29,34,600,512,False,0.8529,88,Low
2026-07-24 11:23:08,26,35,670,497,False,0.7429,173,Low
2026-07-24 12:56:38,20,36,871,484,False,0.5556,387,Medium
2026-07-24 15:01:01,27,35,645,497,False,0.7714,148,Low
2026-07-24 16:52:53,26,34,670,512,False,0.7647,158,Low
2026-07-24 18:15:47,34,34,512,512,False,1.0,0,Low
2026-07-24 19:50:55,34,34,512,512,False,1.0,0,Low
2026-07-24 20:56:14,34,34,512,512,False,1.0,0,Low
2026-07-24 22:11:04,34,34,512,512,False,1.0,0,Low
2026-07-24 23:17:37,34,34,512,512,False,1.0,0,Low
2026-07-25 00:57:22,34,34,512,512,False,1.0,0,Low
2026-07-25 04:18:18,26,33,670,528,False,0.7879,142,Low
2026-07-25 06:33:20,26,34,670,512,False,0.7647,158,Low
2026-07-25 08:34:40,25,35,696,497,False,0.7143,199,Low
2026-07-25 10:14:30,24,35,726,497,False,0.6857,229,Medium
2026-07-25 12:42:36,25,34,696,512,False,0.7353,184,Low
2026-07-25 12:43:49,25,35,696,497,False,0.7143,199,Low
2026-07-25 14:20:40,24,34,726,512,False,0.7059,214,Low
2026-07-25 15:35:38,26,33,670,528,False,0.7879,142,Low
2026-07-25 16:32:08,27,35,645,497,False,0.7714,148,Low
2026-07-25 17:36:52,34,34,512,512,False,1.0,0,Low
2026-07-25 18:38:42,34,34,512,512,False,1.0,0,Low
2026-07-25 19:57:06,34,34,512,512,False,1.0,0,Low
2026-07-25 21:02:36,34,34,512,512,False,1.0,0,Low
2026-07-25 22:05:13,34,34,512,512,False,1.0,0,Low
2026-07-25 23:09:00,34,34,512,512,False,1.0,0,Low
2026-07-26 00:13:01,34,34,512,512,False,1.0,0,Low
2026-07-26 03:59:42,34,34,512,512,False,1.0,0,Low
2026-07-26 06:44:42,29,35,600,497,False,0.8286,103,Low
2026-07-26 09:04:07,26,34,670,512,False,0.7647,158,Low
2026-07-26 10:51:02,28,33,622,528,False,0.8485,94,Low
2026-07-26 11:56:53,34,34,512,512,False,1.0,0,Low
2026-07-26 13:46:31,26,34,670,512,False,0.7647,158,Low
2026-07-26 14:53:35,25,33,696,528,False,0.7576,168,Low
2026-07-26 16:01:56,27,33,645,528,False,0.8182,117,Low
2026-07-26 17:12:04,34,34,512,512,False,1.0,0,Low
2026-07-26 18:13:39,34,34,512,512,False,1.0,0,Low
2026-07-26 19:38:53,34,34,512,512,False,1.0,0,Low
2026-07-26 20:36:49,34,34,512,512,False,1.0,0,Low
2026-07-26 21:37:49,34,34,512,512,False,1.0,0,Low
2026-07-26 22:40:57,34,34,512,512,False,1.0,0,Low
2026-07-26 23:43:13,34,34,512,512,False,1.0,0,Low
2026-07-27 01:20:56,34,34,512,512,False,1.0,0,Low
2026-07-27 05:04:57,28,35,622,497,False,0.8,125,Low
2026-07-27 08:44:39,27,33,645,528,False,0.8182,117,Low
2026-07-27 12:00:38,24,35,726,497,False,0.6857,229,Medium
2026-07-27 15:07:47,27,34,645,512,False,0.7941,133,Low
2026-07-27 17:07:32,34,34,512,512,False,1.0,0,Low
2026-07-27 18:46:05,34,34,512,512,False,1.0,0,Low
2026-07-27 20:10:56,34,34,512,512,False,1.0,0,Low
2026-07-27 21:30:31,34,34,512,512,False,1.0,0,Low
2026-07-27 22:37:28,34,34,512,512,False,1.0,0,Low
2026-07-27 23:44:14,34,34,512,512,False,1.0,0,Low
2026-07-28 01:09:00,34,34,512,512,False,1.0,0,Low
2026-07-28 04:28:25,23,34,757,512,False,0.6765,245,Medium
2026-07-28 07:18:58,24,35,726,497,False,0.6857,229,Medium
2026-07-28 10:01:03,29,35,600,497,False,0.8286,103,Low
2026-07-28 12:06:46,26,35,670,497,False,0.7429,173,Low
2026-07-28 14:35:02,22,35,792,497,False,0.6286,295,Medium
2026-07-28 16:21:49,34,34,512,512,False,1.0,0,Low
2026-07-28 17:50:51,34,34,512,512,False,1.0,0,Low
2026-07-28 19:11:13,34,34,512,512,False,1.0,0,Low
2026-07-28 20:35:25,34,34,512,512,False,1.0,0,Low
2026-07-28 21:45:07,34,34,512,512,False,1.0,0,Low
2026-07-28 22:44:33,34,34,512,512,False,1.0,0,Low
2026-07-28 23:44:29,34,34,512,512,False,1.0,0,Low
2026-07-29 01:12:34,34,34,512,512,False,1.0,0,Low
2026-07-29 04:33:28,28,35,622,497,False,0.8,125,Low
2026-07-29 07:26:25,28,35,622,497,False,0.8,125,Low
2026-07-29 10:11:35,27,35,645,497,False,0.7714,148,Low
2026-07-29 12:22:57,22,35,792,497,False,0.6286,295,Medium
2026-07-29 14:41:03,23,34,757,512,False,0.6765,245,Medium
2026-07-29 16:10:25,29,34,600,512,False,0.8529,88,Low
2026-07-29 17:39:29,34,34,512,512,False,1.0,0,Low
2026-07-29 18:41:29,34,34,512,512,False,1.0,0,Low
2026-07-29 20:02:52,34,34,512,512,False,1.0,0,Low
2026-07-29 21:09:49,34,34,512,512,False,1.0,0,Low
2026-07-29 22:13:47,34,34,512,512,False,1.0,0,Low
2026-07-29 23:17:20,34,34,512,512,False,1.0,0,Low
2026-07-30 00:15:39,34,34,512,512,False,1.0,0,Low
2026-07-30 03:37:28,25,34,696,512,False,0.7353,184,Low
2026-07-30 06:12:25,24,34,726,512,False,0.7059,214,Low
2026-07-30 09:06:11,26,34,670,512,False,0.7647,158,Low
2026-07-30 11:19:53,26,35,670,497,False,0.7429,173,Low
2026-07-30 13:00:13,19,34,917,512,False,0.5588,405,Medium
2026-07-30 15:19:45,28,35,622,497,False,0.8,125,Low
2026-07-30 16:56:43,34,34,512,512,False,1.0,0,Low
2026-07-30 18:23:29,34,34,512,512,False,1.0,0,Low
2026-07-30 20:01:53,34,34,512,512,False,1.0,0,Low
2026-07-30 21:19:49,34,34,512,512,False,1.0,0,Low
2026-07-30 22:32:57,34,34,512,512,False,1.0,0,Low
2026-07-30 23:37:28,34,34,512,512,False,1.0,0,Low
2026-07-31 01:13:05,34,34,512,512,False,1.0,0,Low
2026-07-31 04:45:43,23,33,757,528,False,0.697,229,Medium
2026-07-31 07:39:46,28,35,622,497,False,0.8,125,Low
2026-07-31 10:17:25,27,34,645,512,False,0.7941,133,Low
2026-07-31 12:22:39,23,34,757,512,False,0.6765,245,Medium
2026-07-31 14:57:20,24,34,726,512,False,0.7059,214,Low
2026-07-31 16:49:49,27,33,645,528,False,0.8182,117,Low
2026-07-31 18:14:15,34,34,512,512,False,1.0,0,Low
2026-07-31 19:57:07,34,34,512,512,False,1.0,0,Low
2026-07-31 21:15:04,34,34,512,512,False,1.0,0,Low
2026-07-31 22:25:55,34,34,512,512,False,1.0,0,Low
2026-07-31 23:31:41,34,34,512,512,False,1.0,0,Low
2026-08-01 01:09:37,34,34,512,512,False,1.0,0,Low
2026-08-01 04:34:56,23,34,757,512,False,0.6765,245,Medium
2026-08-01 07:12:22,26,34,670,512,False,0.7647,158,Low
2026-08-01 09:23:44,21,34,829,512,False,0.6176,317,Medium
2026-08-01 10:57:44,27,35,645,497,False,0.7714,148,Low
2026-08-01 12:07:05,23,34,757,512,False,0.6765,245,Medium
2026-08-01 13:52:59,24,35,726,497,False,0.6857,229,Medium
2026-08-01 14:58:32,27,35,645,497,False,0.7714,148,Low
2026-08-01 16:09:10,29,35,600,497,False,0.8286,103,Low
2026-08-01 17:14:52,34,34,512,512,False,1.0,0,Low
2026-08-01 18:14:26,34,34,512,512,False,1.0,0,Low
2026-08-01 19:37:57,34,34,512,512,False,1.0,0,Low
2026-08-01 20:32:17,34,34,512,512,False,1.0,0,Low
2026-08-01 21:32:01,34,34,512,512,False,1.0,0,Low
2026-08-01 22:31:59,34,34,512,512,False,1.0,0,Low
2026-08-01 23:34:33,34,34,512,512,False,1.0,0,Low
2026-08-02 01:12:20,34,34,512,512,False,1.0,0,Low
2026-08-02 04:42:02,34,34,512,512,False,1.0,0,Low
2026-08-02 07:20:14,31,35,562,497,False,0.8857,65,Low
2026-08-02 09:29:03,27,35,645,497,False,0.7714,148,Low
2026-08-02 11:03:38,28,35,622,497,False,0.8,125,Low
2026-08-02 12:11:49,24,33,726,528,False,0.7273,198,Low
2026-08-02 13:59:09,22,33,792,528,False,0.6667,264,Medium
2026-08-02 15:11:49,34,34,512,512,False,1.0,0,Low
2026-08-02 16:14:52,29,33,600,528,False,0.8788,72,Low
2026-08-02 17:27:28,34,34,512,512,False,1.0,0,Low
2026-08-02 18:33:02,34,34,512,512,False,1.0,0,Low
2026-08-02 19:48:41,34,34,512,512,False,1.0,0,Low
2026-08-02 20:39:41,34,34,512,512,False,1.0,0,Low
2026-08-02 21:38:09,34,34,512,512,False,1.0,0,Low
2026-08-02 22:39:06,34,34,512,512,False,1.0,0,Low
2026-08-02 23:42:32,34,34,512,512,False,1.0,0,Low
2026-08-03 01:16:53,34,34,512,512,False,1.0,0,Low
2026-08-03 04:52:34,30,35,580,497,False,0.8571,83,Low
2026-08-03 08:25:57,27,35,645,497,False,0.7714,148,Low
2026-08-03 11:57:43,21,33,829,528,False,0.6364,301,Medium
2026-08-03 15:08:59,24,34,726,512,False,0.7059,214,Low
2026-08-03 17:18:58,34,34,512,512,False,1.0,0,Low
2026-08-03 19:00:15,34,34,512,512,False,1.0,0,Low
2026-08-03 20:36:44,34,34,512,512,False,1.0,0,Low
2026-08-03 21:47:16,34,34,512,512,False,1.0,0,Low
2026-08-03 22:44:37,34,34,512,512,False,1.0,0,Low
2026-08-03 23:53:38,34,34,512,512,False,1.0,0,Low
2026-08-04 02:31:28,26,33,670,528,False,0.7879,142,Low
2026-08-04 05:32:50,31,35,562,497,False,0.8857,65,Low
2026-08-04 08:05:19,24,34,726,512,False,0.7059,214,Low
2026-08-04 10:48:14,28,35,622,497,False,0.8,125,Low
2026-08-04 12:49:49,25,35,696,497,False,0.7143,199,Low
2026-08-04 15:14:54,23,34,757,512,False,0.6765,245,Medium
2026-08-04 17:07:56,34,34,512,512,False,1.0,0,Low
2026-08-04 18:51:21,34,34,512,512,False,1.0,0,Low
2026-08-04 20:20:03,34,34,512,512,False,1.0,0,Low
2026-08-04 21:45:00,34,34,512,512,False,1.0,0,Low
2026-08-04 22:46:58,34,34,512,512,False,1.0,0,Low
2026-08-04 23:48:14,34,34,512,512,False,1.0,0,Low
2026-08-05 01:10:55,34,34,512,512,False,1.0,0,Low
2026-08-05 04:31:41,29,35,600,497,False,0.8286,103,Low
2026-08-05 07:20:00,27,33,645,528,False,0.8182,117,Low
2026-08-05 10:03:10,24,33,726,528,False,0.7273,198,Low
2026-08-05 12:10:51,24,35,726,497,False,0.6857,229,Medium
2026-08-05 14:34:23,19,35,917,497,False,0.5429,420,Medium
2026-08-05 16:18:56,29,34,600,512,False,0.8529,88,Low
2026-08-05 17:58:51,34,34,512,512,False,1.0,0,Low
2026-08-05 19:48:23,34,34,512,512,False,1.0,0,Low
2026-08-05 20:51:09,34,34,512,512,False,1.0,0,Low
2026-08-05 22:06:54,34,34,512,512,False,1.0,0,Low
2026-08-05 23:16:59,34,34,512,512,False,1.0,0,Low
2026-08-06 00:14:00,34,34,512,512,False,1.0,0,Low
2026-08-06 03:44:52,27,34,645,512,False,0.7941,133,Low
2026-08-06 06:18:02,26,35,670,497,False,0.7429,173,Low
2026-08-06 09:16:23,29,35,600,497,False,0.8286,103,Low
2026-08-06 11:36:55,22,35,792,497,False,0.6286,295,Medium
2026-08-06 13:18:52,18,35,968,497,False,0.5143,471,Medium
2026-08-06 15:35:51,22,33,792,528,False,0.6667,264,Medium
2026-08-07 00:34:25,34,34,512,512,False,1.0,0,Low
2026-08-07 03:36:40,24,32,726,544,False,0.75,182,Low
2026-08-07 05:22:36,30,35,580,497,False,0.8571,83,Low
2026-08-07 06:44:06,26,35,670,497,False,0.7429,173,Low
2026-08-07 08:01:21,30,35,580,497,False,0.8571,83,Low
2026-08-07 09:12:02,30,35,580,497,False,0.8571,83,Low
2026-08-07 10:13:02,27,35,645,497,False,0.7714,148,Low
2026-08-07 11:09:52,25,33,696,528,False,0.7576,168,Low
2026-08-07 11:57:59,26,34,670,512,False,0.7647,158,Low
2026-08-07 13:22:06,18,34,968,512,False,0.5294,456,Medium
2026-08-07 14:30:35,22,35,792,497,False,0.6286,295,Medium
2026-08-07 15:29:24,25,35,696,497,False,0.7143,199,Low
2026-08-07 16:27:37,26,34,670,512,False,0.7647,158,Low
2026-08-07 17:26:37,28,35,622,497,False,0.8,125,Low
2026-08-07 18:24:33,34,34,512,512,False,1.0,0,Low
2026-08-07 19:30:03,34,34,512,512,False,1.0,0,Low
2026-08-07 20:10:01,34,34,512,512,False,1.0,0,Low
2026-08-07 20:59:34,34,34,512,512,False,1.0,0,Low
2026-08-07 21:50:20,34,34,512,512,False,1.0,0,Low
2026-08-07 22:26:08,34,34,512,512,False,1.0,0,Low
2026-08-07 23:07:04,34,34,512,512,False,1.0,0,Low
2026-08-07 23:47:18,34,34,512,512,False,1.0,0,Low
2026-08-08 00:35:17,34,34,512,512,False,1.0,0,Low
2026-08-08 02:34:18,34,34,512,512,False,1.0,0,Low
2026-08-08 03:56:19,25,34,696,512,False,0.7353,184,Low
2026-08-08 05:04:19,26,33,670,528,False,0.7879,142,Low
2026-08-08 05:53:46,22,33,792,528,False,0.6667,264,Medium
2026-08-08 06:53:38,27,35,645,497,False,0.7714,148,Low
2026-08-08 07:49:38,27,36,645,484,False,0.75,161,Low
2026-08-08 08:26:32,26,34,670,512,False,0.7647,158,Low
2026-08-08 09:12:14,27,35,645,497,False,0.7714,148,Low
2026-08-08 09:56:05,27,36,645,484,False,0.75,161,Low
2026-08-08 10:39:55,25,35,696,497,False,0.7143,199,Low
2026-08-08 11:09:58,25,34,696,512,False,0.7353,184,Low
2026-08-08 11:44:24,21,35,829,497,False,0.6,332,Medium
2026-08-08 12:16:35,22,35,792,497,False,0.6286,295,Medium
2026-08-08 13:18:01,20,33,871,528,False,0.6061,343,Medium
2026-08-08 14:01:39,20,35,871,497,False,0.5714,374,Medium
2026-08-08 14:45:01,25,35,696,497,False,0.7143,199,Low
2026-08-08 15:13:22,24,35,726,497,False,0.6857,229,Medium
2026-08-08 15:49:29,25,33,696,528,False,0.7576,168,Low
2026-08-08 16:18:19,29,35,600,497,False,0.8286,103,Low
2026-08-08 16:57:26,31,35,562,497,False,0.8857,65,Low
2026-08-08 17:38:07,34,34,512,512,False,1.0,0,Low
2026-08-08 18:03:05,34,34,512,512,False,1.0,0,Low
2026-08-08 18:54:06,34,34,512,512,False,1.0,0,Low
2026-08-08 19:30:39,34,34,512,512,False,1.0,0,Low
2026-08-08 19:57:45,34,34,512,512,False,1.0,0,Low
2026-08-08 20:39:49,34,34,512,512,False,1.0,0,Low
2026-08-08 21:11:35,34,34,512,512,False,1.0,0,Low
2026-08-08 21:47:56,34,34,512,512,False,1.0,0,Low
2026-08-08 22:13:00,34,34,512,512,False,1.0,0,Low
2026-08-08 22:49:59,34,34,512,512,False,1.0,0,Low
2026-08-08 23:18:20,34,34,512,512,False,1.0,0,Low
2026-08-08 23:49:42,34,34,512,512,False,1.0,0,Low
2026-08-09 00:51:38,34,34,512,512,False,1.0,0,Low
2026-08-09 02:59:26,34,34,512,512,False,1.0,0,Low
2026-08-09 04:24:30,34,34,512,512,False,1.0,0,Low
2026-08-09 05:28:46,34,34,512,512,False,1.0,0,Low
2026-08-09 06:23:00,30,35,580,497,False,0.8571,83,Low
2026-08-09 07:31:11,34,34,512,512,False,1.0,0,Low
2026-08-09 08:19:49,25,33,696,528,False,0.7576,168,Low
2026-08-09 09:08:30,27,34,645,512,False,0.7941,133,Low
2026-08-09 09:55:47,23,34,757,512,False,0.6765,245,Medium
2026-08-09 10:40:07,27,35,645,497,False,0.7714,148,Low
2026-08-09 11:12:58,24,34,726,512,False,0.7059,214,Low
2026-08-09 11:48:04,29,35,600,497,False,0.8286,103,Low
2026-08-09 12:18:52,26,34,670,512,False,0.7647,158,Low
2026-08-09 13:27:38,26,33,670,528,False,0.7879,142,Low
2026-08-09 14:09:40,21,33,829,528,False,0.6364,301,Medium
2026-08-09 14:52:58,26,35,670,497,False,0.7429,173,Low
2026-08-09 15:29:20,30,35,580,497,False,0.8571,83,Low
2026-08-09 16:00:38,27,33,645,528,False,0.8182,117,Low
2026-08-09 16:48:51,34,34,512,512,False,1.0,0,Low
2026-08-09 17:18:59,30,34,580,512,False,0.8824,68,Low
2026-08-09 17:53:50,34,34,512,512,False,1.0,0,Low
2026-08-09 18:40:23,34,34,512,512,False,1.0,0,Low
2026-08-09 19:20:49,34,34,512,512,False,1.0,0,Low
2026-08-09 19:54:25,34,34,512,512,False,1.0,0,Low
2026-08-09 20:34:43,34,34,512,512,False,1.0,0,Low
2026-08-09 21:06:16,34,34,512,512,False,1.0,0,Low
2026-08-09 21:45:56,34,34,512,512,False,1.0,0,Low
2026-08-09 22:13:28,34,34,512,512,False,1.0,0,Low
2026-08-09 22:53:18,34,34,512,512,False,1.0,0,Low
2026-08-09 23:30:20,34,34,512,512,False,1.0,0,Low
2026-08-10 00:01:15,34,34,512,512,False,1.0,0,Low
2026-08-10 02:28:46,27,34,645,512,False,0.7941,133,Low
2026-08-10 04:16:02,26,34,670,512,False,0.7647,158,Low
2026-08-10 05:49:43,24,33,726,528,False,0.7273,198,Low
2026-08-10 07:08:03,27,33,645,528,False,0.8182,117,Low
2026-08-10 08:50:20,28,34,622,512,False,0.8235,110,Low
2026-08-10 10:08:58,29,35,600,497,False,0.8286,103,Low
2026-08-10 11:20:37,23,35,757,497,False,0.6571,260,Medium
2026-08-10 12:05:57,24,35,726,497,False,0.6857,229,Medium
2026-08-10 13:40:53,16,35,1089,497,False,0.4571,592,Medium
2026-08-10 14:44:24,20,35,871,497,False,0.5714,374,Medium
2026-08-10 15:43:18,27,34,645,512,False,0.7941,133,Low
2026-08-10 16:36:49,34,34,512,512,False,1.0,0,Low
2026-08-10 17:34:48,34,34,512,512,False,1.0,0,Low
2026-08-10 18:30:59,34,34,512,512,False,1.0,0,Low
2026-08-10 19:36:24,34,34,512,512,False,1.0,0,Low
2026-08-10 20:21:06,34,34,512,512,False,1.0,0,Low
2026-08-10 21:09:50,34,34,512,512,False,1.0,0,Low
2026-08-10 21:58:27,34,34,512,512,False,1.0,0,Low
2026-08-10 22:49:33,34,34,512,512,False,1.0,0,Low
2026-08-10 23:23:59,34,34,512,512,False,1.0,0,Low
2026-08-11 00:00:41,34,34,512,512,False,1.0,0,Low
2026-08-11 02:22:17,34,34,512,512,False,1.0,0,Low
2026-08-11 03:58:49,27,33,645,528,False,0.8182,117,Low
2026-08-11 05:17:06,25,34,696,512,False,0.7353,184,Low
2026-08-11 06:10:06,29,35,600,497,False,0.8286,103,Low
2026-08-11 07:37:58,25,35,696,497,False,0.7143,199,Low
2026-08-11 08:37:31,28,35,622,497,False,0.8,125,Low
2026-08-11 09:40:45,25,33,696,528,False,0.7576,168,Low
2026-08-11 10:34:51,27,35,645,497,False,0.7714,148,Low
2026-08-11 11:27:23,20,34,871,512,False,0.5882,359,Medium
2026-08-11 12:24:18,16,33,1089,528,False,0.4848,561,Medium
2026-08-11 13:54:31,15,35,1161,497,False,0.4286,664,Medium
2026-08-11 14:59:26,23,35,757,497,False,0.6571,260,Medium
2026-08-11 16:07:19,27,35,645,497,False,0.7714,148,Low
2026-08-11 17:11:17,34,34,512,512,False,1.0,0,Low
2026-08-11 18:08:12,34,34,512,512,False,1.0,0,Low
2026-08-11 19:19:34,34,34,512,512,False,1.0,0,Low
2026-08-11 20:07:42,34,34,512,512,False,1.0,0,Low
2026-08-11 21:03:31,34,34,512,512,False,1.0,0,Low
2026-08-11 21:59:45,34,34,512,512,False,1.0,0,Low
2026-08-11 22:55:37,34,34,512,512,False,1.0,0,Low
2026-08-11 23:48:44,34,34,512,512,False,1.0,0,Low
2026-08-12 00:49:01,34,34,512,512,False,1.0,0,Low
2026-08-12 03:15:56,27,33,645,528,False,0.8182,117,Low
2026-08-12 05:09:30,28,35,622,497,False,0.8,125,Low
2026-08-12 06:42:13,34,34,512,512,False,1.0,0,Low
2026-08-12 08:04:54,27,34,645,512,False,0.7941,133,Low
2026-08-12 09:22:14,31,35,562,497,False,0.8857,65,Low
2026-08-12 10:33:50,25,35,696,497,False,0.7143,199,Low
2026-08-12 11:27:22,22,34,792,512,False,0.6471,280,Medium
2026-08-12 12:25:40,24,35,726,497,False,0.6857,229,Medium
2026-08-12 13:58:18,19,36,917,484,False,0.5278,433,Medium
2026-08-12 15:06:33,25,34,696,512,False,0.7353,184,Low
2026-08-12 16:07:39,27,34,645,512,False,0.7941,133,Low
2026-08-12 17:11:16,34,34,512,512,False,1.0,0,Low
2026-08-12 18:08:12,34,34,512,512,False,1.0,0,Low
2026-08-12 19:19:34,34,34,512,512,False,1.0,0,Low
2026-08-12 20:07:18,34,34,512,512,False,1.0,0,Low
2026-08-12 21:01:45,34,34,512,512,False,1.0,0,Low
2026-08-12 21:57:26,34,34,512,512,False,1.0,0,Low
2026-08-12 22:51:53,34,34,512,512,False,1.0,0,Low
2026-08-12 23:35:47,34,34,512,512,False,1.0,0,Low
2026-08-13 00:43:10,34,34,512,512,False,1.0,0,Low
2026-08-13 03:17:03,26,33,670,528,False,0.7879,142,Low
2026-08-13 05:12:55,28,34,622,512,False,0.8235,110,Low
2026-08-13 06:49:18,28,34,622,512,False,0.8235,110,Low
2026-08-13 08:09:55,26,33,670,528,False,0.7879,142,Low
2026-08-13 09:33:24,30,35,580,497,False,0.8571,83,Low
2026-08-13 10:41:30,28,34,622,512,False,0.8235,110,Low
2026-08-13 11:32:48,25,33,696,528,False,0.7576,168,Low
2026-08-13 12:29:41,24,35,726,497,False,0.6857,229,Medium
2026-08-13 14:02:51,24,35,726,497,False,0.6857,229,Medium
2026-08-13 15:10:48,27,35,645,497,False,0.7714,148,Low
2026-08-13 16:10:40,27,33,645,528,False,0.8182,117,Low
2026-08-13 17:14:10,34,34,512,512,False,1.0,0,Low
2026-08-13 18:10:18,34,34,512,512,False,1.0,0,Low
2026-08-13 19:26:33,34,34,512,512,False,1.0,0,Low
2026-08-13 20:05:41,34,34,512,512,False,1.0,0,Low
2026-08-13 21:00:11,34,34,512,512,False,1.0,0,Low
2026-08-13 21:56:27,34,34,512,512,False,1.0,0,Low
2026-08-13 22:52:13,34,34,512,512,False,1.0,0,Low
2026-08-13 23:36:46,34,34,512,512,False,1.0,0,Low
2026-08-14 00:42:38,34,34,512,512,False,1.0,0,Low
2026-08-14 03:14:28,34,34,512,512,False,1.0,0,Low
2026-08-14 05:09:12,25,33,696,528,False,0.7576,168,Low
2026-08-14 06:42:16,29,35,600,497,False,0.8286,103,Low
2026-08-14 08:02:48,26,35,670,497,False,0.7429,173,Low
2026-08-14 09:17:18,27,35,645,497,False,0.7714,148,Low
2026-08-14 10:28:51,26,35,670,497,False,0.7429,173,Low
2026-08-14 11:22:01,20,33,871,528,False,0.6061,343,Medium
2026-08-14 12:05:55,19,34,917,512,False,0.5588,405,Medium
2026-08-14 13:38:41,18,35,968,497,False,0.5143,471,Medium
2026-08-14 14:39:17,16,32,1089,544,False,0.5,545,Medium
2026-08-14 15:33:09,19,34,917,512,False,0.5588,405,Medium
2026-08-14 16:28:26,20,33,871,528,False,0.6061,343,Medium
2026-08-14 17:32:00,29,34,600,512,False,0.8529,88,Low
2026-08-14 18:29:13,34,34,512,512,False,1.0,0,Low
2026-08-14 19:32:10,34,34,512,512,False,1.0,0,Low
2026-08-14 20:07:01,34,34,512,512,False,1.0,0,Low
2026-08-14 20:44:03,34,34,512,512,False,1.0,0,Low
2026-08-14 21:10:09,34,34,512,512,False,1.0,0,Low
2026-08-14 21:42:00,34,34,512,512,False,1.0,0,Low
2026-08-14 22:00:49,34,34,512,512,False,1.0,0,Low
2026-08-14 22:34:34,34,34,512,512,False,1.0,0,Low
2026-08-14 22:56:55,34,34,512,512,False,1.0,0,Low
2026-08-14 23:28:48,34,34,512,512,False,1.0,0,Low
2026-08-14 23:52:59,34,34,512,512,False,1.0,0,Low
2026-08-15 01:06:48,34,34,512,512,False,1.0,0,Low
2026-08-15 02:18:32,34,34,512,512,False,1.0,0,Low
2026-08-15 03:09:00,34,34,512,512,False,1.0,0,Low
2026-08-15 03:54:06,34,34,512,512,False,1.0,0,Low
2026-08-15 04:32:04,27,34,645,512,False,0.7941,133,Low
2026-08-15 04:59:30,34,34,512,512,False,1.0,0,Low
2026-08-15 05:34:38,25,33,696,528,False,0.7576,168,Low
2026-08-15 05:57:55,30,35,580,497,False,0.8571,83,Low
2026-08-15 06:51:54,27,34,645,512,False,0.7941,133,Low
2026-08-15 07:25:54,25,35,696,497,False,0.7143,199,Low
2026-08-15 07:53:46,22,34,792,512,False,0.6471,280,Medium
2026-08-15 08:28:11,24,34,726,512,False,0.7059,214,Low
2026-08-15 08:57:42,24,33,726,528,False,0.7273,198,Low
2026-08-15 09:33:35,34,34,512,512,False,1.0,0,Low
2026-08-15 09:55:22,28,34,622,512,False,0.8235,110,Low
2026-08-15 10:26:54,29,35,600,497,False,0.8286,103,Low
2026-08-15 10:50:18,26,34,670,512,False,0.7647,158,Low
2026-08-15 11:11:01,25,34,696,512,False,0.7353,184,Low
2026-08-15 11:35:07,34,34,512,512,False,1.0,0,Low
2026-08-15 11:54:15,26,35,670,497,False,0.7429,173,Low
2026-08-15 12:39:47,25,34,696,512,False,0.7353,184,Low
2026-08-15 13:17:43,28,35,622,497,False,0.8,125,Low
2026-08-15 13:47:25,25,33,696,528,False,0.7576,168,Low
2026-08-15 14:08:06,24,33,726,528,False,0.7273,198,Low
2026-08-15 14:38:13,28,35,622,497,False,0.8,125,Low
2026-08-15 14:58:41,29,35,600,497,False,0.8286,103,Low
2026-08-15 15:29:33,28,34,622,512,False,0.8235,110,Low
2026-08-15 15:50:55,29,35,600,497,False,0.8286,103,Low
2026-08-15 16:15:00,29,34,600,512,False,0.8529,88,Low
2026-08-15 16:44:50,34,34,512,512,False,1.0,0,Low
2026-08-15 17:05:00,28,34,622,512,False,0.8235,110,Low
2026-08-15 17:32:56,34,34,512,512,False,1.0,0,Low
2026-08-15 17:53:43,34,34,512,512,False,1.0,0,Low
2026-08-15 18:28:54,34,34,512,512,False,1.0,0,Low
2026-08-15 18:58:40,34,34,512,512,False,1.0,0,Low
2026-08-15 19:28:15,34,34,512,512,False,1.0,0,Low
2026-08-15 19:48:51,34,34,512,512,False,1.0,0,Low
2026-08-15 20:07:41,34,34,512,512,False,1.0,0,Low
2026-08-15 20:37:09,34,34,512,512,False,1.0,0,Low
2026-08-15 20:58:13,34,34,512,512,False,1.0,0,Low
2026-08-15 21:29:16,34,34,512,512,False,1.0,0,Low
2026-08-15 21:50:26,34,34,512,512,False,1.0,0,Low
2026-08-15 22:11:38,34,34,512,512,False,1.0,0,Low
2026-08-15 22:40:25,34,34,512,512,False,1.0,0,Low
2026-08-15 22:59:23,34,34,512,512,False,1.0,0,Low
2026-08-15 23:28:27,34,34,512,512,False,1.0,0,Low
2026-08-15 23:49:26,34,34,512,512,False,1.0,0,Low
2026-08-16 00:35:15,34,34,512,512,False,1.0,0,Low
2026-08-16 02:10:11,34,34,512,512,False,1.0,0,Low
2026-08-16 03:13:25,34,34,512,512,False,1.0,0,Low
2026-08-16 04:02:52,34,34,512,512,False,1.0,0,Low
2026-08-16 04:47:05,34,34,512,512,False,1.0,0,Low
2026-08-16 05:15:08,34,34,512,512,False,1.0,0,Low
2026-08-16 05:47:58,23,34,757,512,False,0.6765,245,Medium
2026-08-16 06:15:51,31,36,562,484,False,0.8611,78,Low
2026-08-16 07:04:11,27,35,645,497,False,0.7714,148,Low
2026-08-16 07:41:57,34,34,512,512,False,1.0,0,Low
2026-08-16 08:02:02,28,35,622,497,False,0.8,125,Low
2026-08-16 08:43:18,30,35,580,497,False,0.8571,83,Low
2026-08-16 09:11:39,27,35,645,497,False,0.7714,148,Low
2026-08-16 09:44:36,28,34,622,512,False,0.8235,110,Low
2026-08-16 10:02:50,25,33,696,528,False,0.7576,168,Low
2026-08-16 10:35:27,26,34,670,512,False,0.7647,158,Low
2026-08-16 10:57:21,34,34,512,512,False,1.0,0,Low
2026-08-16 11:28:00,27,34,645,512,False,0.7941,133,Low
2026-08-16 11:49:18,30,35,580,497,False,0.8571,83,Low
2026-08-16 12:14:45,26,33,670,528,False,0.7879,142,Low
2026-08-16 13:04:23,24,33,726,528,False,0.7273,198,Low
2026-08-16 13:41:30,27,33,645,528,False,0.8182,117,Low
2026-08-16 14:01:24,24,34,726,512,False,0.7059,214,Low
2026-08-16 14:34:18,26,33,670,528,False,0.7879,142,Low
2026-08-16 14:56:38,26,34,670,512,False,0.7647,158,Low
2026-08-16 15:29:09,30,34,580,512,False,0.8824,68,Low
2026-08-16 15:50:59,27,34,645,512,False,0.7941,133,Low
2026-08-16 16:15:44,34,34,512,512,False,1.0,0,Low
2026-08-16 16:45:17,34,34,512,512,False,1.0,0,Low
2026-08-16 17:05:17,28,33,622,528,False,0.8485,94,Low
2026-08-16 17:31:31,34,34,512,512,False,1.0,0,Low
2026-08-16 17:51:35,34,34,512,512,False,1.0,0,Low
2026-08-16 18:19:48,34,34,512,512,False,1.0,0,Low
2026-08-16 18:52:09,34,34,512,512,False,1.0,0,Low
2026-08-16 19:17:54,34,34,512,512,False,1.0,0,Low
2026-08-16 19:39:28,34,34,512,512,False,1.0,0,Low
2026-08-16 19:55:22,34,34,512,512,False,1.0,0,Low
2026-08-16 20:27:33,34,34,512,512,False,1.0,0,Low
2026-08-16 20:50:41,34,34,512,512,False,1.0,0,Low
2026-08-16 21:12:24,34,34,512,512,False,1.0,0,Low
2026-08-16 21:36:45,34,34,512,512,False,1.0,0,Low
2026-08-16 21:55:01,34,34,512,512,False,1.0,0,Low
2026-08-16 22:24:46,34,34,512,512,False,1.0,0,Low
2026-08-16 22:47:49,34,34,512,512,False,1.0,0,Low
2026-08-16 23:03:43,34,34,512,512,False,1.0,0,Low
2026-08-16 23:31:14,34,34,512,512,False,1.0,0,Low
2026-08-16 23:51:34,34,34,512,512,False,1.0,0,Low
2026-08-17 00:55:38,34,34,512,512,False,1.0,0,Low
2026-08-17 02:20:51,34,34,512,512,False,1.0,0,Low
2026-08-17 03:25:43,34,34,512,512,False,1.0,0,Low
2026-08-17 04:19:53,28,34,622,512,False,0.8235,110,Low
2026-08-17 05:04:54,31,35,562,497,False,0.8857,65,Low
2026-08-17 05:47:31,23,33,757,528,False,0.697,229,Medium
2026-08-17 06:23:53,29,35,600,497,False,0.8286,103,Low
2026-08-17 07:32:16,27,33,645,528,False,0.8182,117,Low
2026-08-17 08:20:53,34,34,512,512,False,1.0,0,Low
2026-08-17 09:06:21,29,35,600,497,False,0.8286,103,Low
2026-08-17 09:55:21,28,35,622,497,False,0.8,125,Low
2026-08-17 10:35:48,24,33,726,528,False,0.7273,198,Low
2026-08-17 11:00:59,24,34,726,512,False,0.7059,214,Low
2026-08-17 11:35:22,27,35,645,497,False,0.7714,148,Low
2026-08-17 11:57:16,24,34,726,512,False,0.7059,214,Low
2026-08-17 12:59:16,22,35,792,497,False,0.6286,295,Medium
2026-08-17 13:47:37,18,35,968,497,False,0.5143,471,Medium
2026-08-17 14:13:32,20,34,871,512,False,0.5882,359,Medium
2026-08-17 14:47:53,23,35,757,497,False,0.6571,260,Medium
2026-08-17 15:12:10,28,36,622,484,False,0.7778,138,Low
2026-08-17 15:42:52,34,34,512,512,False,1.0,0,Low
2026-08-17 16:01:27,28,34,622,512,False,0.8235,110,Low
2026-08-17 16:39:18,30,35,580,497,False,0.8571,83,Low
2026-08-17 17:04:06,34,34,512,512,False,1.0,0,Low
2026-08-17 17:40:50,34,34,512,512,False,1.0,0,Low
2026-08-17 18:04:09,34,34,512,512,False,1.0,0,Low
2026-08-17 18:55:16,34,34,512,512,False,1.0,0,Low
2026-08-17 19:31:19,34,34,512,512,False,1.0,0,Low
2026-08-17 19:55:06,34,34,512,512,False,1.0,0,Low
2026-08-17 20:30:31,34,34,512,512,False,1.0,0,Low
2026-08-17 20:57:41,34,34,512,512,False,1.0,0,Low
2026-08-17 21:33:12,34,34,512,512,False,1.0,0,Low
2026-08-17 21:55:58,34,34,512,512,False,1.0,0,Low
2026-08-17 22:30:30,34,34,512,512,False,1.0,0,Low
2026-08-17 22:54:46,34,34,512,512,False,1.0,0,Low
2026-08-17 23:25:49,34,34,512,512,False,1.0,0,Low
2026-08-17 23:48:50,34,34,512,512,False,1.0,0,Low
2026-08-18 00:27:32,34,34,512,512,False,1.0,0,Low
2026-08-18 02:01:22,34,34,512,512,False,1.0,0,Low
2026-08-18 03:05:20,29,35,600,497,False,0.8286,103,Low
2026-08-18 03:55:02,26,34,670,512,False,0.7647,158,Low
2026-08-18 04:38:45,23,33,757,528,False,0.697,229,Medium
2026-08-18 05:13:24,26,34,670,512,False,0.7647,158,Low
2026-08-18 05:47:56,30,35,580,497,False,0.8571,83,Low
2026-08-18 06:18:04,27,35,645,497,False,0.7714,148,Low
2026-08-18 07:10:30,29,35,600,497,False,0.8286,103,Low
2026-08-18 07:55:11,27,34,645,512,False,0.7941,133,Low
2026-08-18 08:41:09,28,35,622,497,False,0.8,125,Low
2026-08-18 09:15:12,26,34,670,512,False,0.7647,158,Low
2026-08-18 09:52:33,25,36,696,484,False,0.6944,212,Medium
2026-08-18 10:24:54,25,34,696,512,False,0.7353,184,Low
2026-08-18 10:56:34,25,34,696,512,False,0.7353,184,Low
2026-08-18 11:31:59,22,33,792,528,False,0.6667,264,Medium
2026-08-18 11:56:21,21,34,829,512,False,0.6176,317,Medium
2026-08-18 12:59:04,25,36,696,484,False,0.6944,212,Medium
2026-08-18 13:50:17,21,35,829,497,False,0.6,332,Medium
2026-08-18 14:22:52,21,34,829,512,False,0.6176,317,Medium
2026-08-18 15:01:01,25,35,696,497,False,0.7143,199,Low
2026-08-18 15:41:06,26,33,670,528,False,0.7879,142,Low
2026-08-18 16:03:37,29,35,600,497,False,0.8286,103,Low
2026-08-18 16:45:49,33,35,528,497,False,0.9429,31,Low
2026-08-18 17:13:04,34,34,512,512,False,1.0,0,Low
2026-08-18 17:46:51,34,34,512,512,False,1.0,0,Low
2026-08-18 18:15:30,34,34,512,512,False,1.0,0,Low
2026-08-18 19:01:47,34,34,512,512,False,1.0,0,Low
2026-08-18 19:35:20,34,34,512,512,False,1.0,0,Low
2026-08-18 19:55:16,34,34,512,512,False,1.0,0,Low
2026-08-18 20:28:43,34,34,512,512,False,1.0,0,Low
2026-08-18 20:53:31,34,34,512,512,False,1.0,0,Low
2026-08-18 21:23:03,34,34,512,512,False,1.0,0,Low
2026-08-18 21:47:33,34,34,512,512,False,1.0,0,Low
2026-08-18 22:07:27,34,34,512,512,False,1.0,0,Low
2026-08-18 22:40:43,34,34,512,512,False,1.0,0,Low
2026-08-18 23:01:51,34,34,512,512,False,1.0,0,Low
2026-08-18 23:31:58,34,34,512,512,False,1.0,0,Low
2026-08-18 23:54:16,34,34,512,512,False,1.0,0,Low
2026-08-19 01:18:52,34,34,512,512,False,1.0,0,Low
2026-08-19 02:34:05,34,34,512,512,False,1.0,0,Low
2026-08-19 03:27:10,34,34,512,512,False,1.0,0,Low
2026-08-19 04:10:03,25,33,696,528,False,0.7576,168,Low
2026-08-19 04:52:44,30,36,580,484,False,0.8333,96,Low
2026-08-19 05:26:22,27,34,645,512,False,0.7941,133,Low
2026-08-19 05:57:46,26,35,670,497,False,0.7429,173,Low
2026-08-19 06:57:53,27,34,645,512,False,0.7941,133,Low
2026-08-19 07:47:14,30,35,580,497,False,0.8571,83,Low
2026-08-19 08:18:20,27,34,645,512,False,0.7941,133,Low
2026-08-19 08:59:51,28,34,622,512,False,0.8235,110,Low
2026-08-19 09:43:19,25,33,696,528,False,0.7576,168,Low
2026-08-19 10:11:29,27,36,645,484,False,0.75,161,Low
2026-08-19 10:47:35,26,34,670,512,False,0.7647,158,Low
2026-08-19 11:11:41,26,34,670,512,False,0.7647,158,Low
2026-08-19 11:42:37,27,35,645,497,False,0.7714,148,Low
2026-08-19 12:03:14,24,34,726,512,False,0.7059,214,Low
2026-08-19 13:05:28,21,34,829,512,False,0.6176,317,Medium
2026-08-19 13:55:10,20,35,871,497,False,0.5714,374,Medium
2026-08-19 14:37:24,18,34,968,512,False,0.5294,456,Medium
2026-08-19 15:06:12,22,35,792,497,False,0.6286,295,Medium
2026-08-19 15:43:55,34,34,512,512,False,1.0,0,Low
2026-08-19 16:12:47,34,34,512,512,False,1.0,0,Low
2026-08-19 16:49:43,34,34,512,512,False,1.0,0,Low
2026-08-19 17:16:57,34,34,512,512,False,1.0,0,Low
2026-08-19 17:45:35,34,34,512,512,False,1.0,0,Low
2026-08-19 18:12:16,34,34,512,512,False,1.0,0,Low
2026-08-19 18:55:32,34,34,512,512,False,1.0,0,Low
2026-08-19 19:30:02,34,34,512,512,False,1.0,0,Low
2026-08-19 19:53:47,34,34,512,512,False,1.0,0,Low
2026-08-19 20:27:31,34,34,512,512,False,1.0,0,Low
2026-08-19 20:56:19,34,34,512,512,False,1.0,0,Low
2026-08-19 21:32:04,34,34,512,512,False,1.0,0,Low
2026-08-19 21:56:01,34,34,512,512,False,1.0,0,Low
2026-08-19 22:30:41,34,34,512,512,False,1.0,0,Low
2026-08-19 22:55:14,34,34,512,512,False,1.0,0,Low
2026-08-19 23:26:26,34,34,512,512,False,1.0,0,Low
2026-08-19 23:49:40,34,34,512,512,False,1.0,0,Low
2026-08-20 00:36:01,34,34,512,512,False,1.0,0,Low
2026-08-20 02:05:59,34,34,512,512,False,1.0,0,Low
2026-08-20 03:08:24,26,33,670,528,False,0.7879,142,Low
2026-08-20 03:57:59,26,34,670,512,False,0.7647,158,Low
2026-08-20 04:46:12,26,34,670,512,False,0.7647,158,Low
2026-08-20 05:17:51,19,35,917,497,False,0.5429,420,Medium
2026-08-20 05:52:13,24,34,726,512,False,0.7059,214,Low
2026-08-20 06:38:13,25,34,696,512,False,0.7353,184,Low
2026-08-20 07:27:05,25,34,696,512,False,0.7353,184,Low
2026-08-20 08:07:04,26,35,670,497,False,0.7429,173,Low
2026-08-20 08:55:21,26,35,670,497,False,0.7429,173,Low
2026-08-20 09:38:30,25,34,696,512,False,0.7353,184,Low
2026-08-20 10:05:25,26,34,670,512,False,0.7647,158,Low
2026-08-20 10:44:34,25,34,696,512,False,0.7353,184,Low
2026-08-20 11:11:42,22,33,792,528,False,0.6667,264,Medium
2026-08-20 11:45:17,23,35,757,497,False,0.6571,260,Medium
2026-08-20 12:16:38,20,35,871,497,False,0.5714,374,Medium
2026-08-20 13:17:13,16,34,1089,512,False,0.4706,577,Medium
2026-08-20 14:04:17,19,34,917,512,False,0.5588,405,Medium
2026-08-20 14:51:33,23,34,757,512,False,0.6765,245,Medium
2026-08-20 15:27:28,29,35,600,497,False,0.8286,103,Low
2026-08-20 16:01:00,27,33,645,528,False,0.8182,117,Low
2026-08-20 16:47:11,30,35,580,497,False,0.8571,83,Low
2026-08-20 17:15:14,34,34,512,512,False,1.0,0,Low
2026-08-20 17:50:15,34,34,512,512,False,1.0,0,Low
2026-08-20 18:23:44,34,34,512,512,False,1.0,0,Low
2026-08-20 19:10:04,34,34,512,512,False,1.0,0,Low
2026-08-20 19:46:20,34,34,512,512,False,1.0,0,Low
2026-08-20 20:12:39,34,34,512,512,False,1.0,0,Low
2026-08-20 20:48:52,34,34,512,512,False,1.0,0,Low
2026-08-20 21:15:41,34,34,512,512,False,1.0,0,Low
2026-08-20 21:48:04,34,34,512,512,False,1.0,0,Low
2026-08-20 22:12:11,34,34,512,512,False,1.0,0,Low
2026-08-20 22:47:13,34,34,512,512,False,1.0,0,Low
2026-08-20 23:12:13,34,34,512,512,False,1.0,0,Low
2026-08-20 23:43:02,34,34,512,512,False,1.0,0,Low
2026-08-21 00:02:12,34,34,512,512,False,1.0,0,Low
2026-08-21 01:53:55,34,34,512,512,False,1.0,0,Low
2026-08-21 03:03:02,34,34,512,512,False,1.0,0,Low
2026-08-21 03:57:00,28,34,622,512,False,0.8235,110,Low
2026-08-21 04:48:06,30,35,580,497,False,0.8571,83,Low
2026-08-21 05:19:54,29,35,600,497,False,0.8286,103,Low
2026-08-21 05:53:58,24,33,726,528,False,0.7273,198,Low
2026-08-21 06:48:06,29,35,600,497,False,0.8286,103,Low
2026-08-21 07:31:30,34,34,512,512,False,1.0,0,Low
2026-08-21 08:17:31,25,33,696,528,False,0.7576,168,Low
2026-08-21 09:02:56,26,33,670,528,False,0.7879,142,Low
2026-08-21 09:49:06,28,34,622,512,False,0.8235,110,Low
2026-08-21 10:17:22,27,33,645,528,False,0.8182,117,Low
2026-08-21 10:53:19,29,35,600,497,False,0.8286,103,Low
2026-08-21 11:23:54,29,35,600,497,False,0.8286,103,Low
2026-08-21 11:52:46,28,35,622,497,False,0.8,125,Low
2026-08-21 12:40:37,24,35,726,497,False,0.6857,229,Medium
2026-08-21 13:32:42,23,35,757,497,False,0.6571,260,Medium
2026-08-21 14:16:14,24,34,726,512,False,0.7059,214,Low
2026-08-21 14:57:32,23,33,757,528,False,0.697,229,Medium
2026-08-21 15:41:25,26,33,670,528,False,0.7879,142,Low
2026-08-21 16:12:22,28,34,622,512,False,0.8235,110,Low
2026-08-21 16:54:09,34,34,512,512,False,1.0,0,Low
2026-08-21 17:29:32,34,34,512,512,False,1.0,0,Low
2026-08-21 17:59:17,34,34,512,512,False,1.0,0,Low
2026-08-21 18:50:11,34,34,512,512,False,1.0,0,Low
2026-08-21 19:19:05,34,34,512,512,False,1.0,0,Low
2026-08-21 19:43:48,34,34,512,512,False,1.0,0,Low
2026-08-21 20:01:02,34,34,512,512,False,1.0,0,Low
2026-08-21 20:35:39,34,34,512,512,False,1.0,0,Low
2026-08-21 20:58:30,34,34,512,512,False,1.0,0,Low
2026-08-21 21:32:38,34,34,512,512,False,1.0,0,Low
2026-08-21 21:56:09,34,34,512,512,False,1.0,0,Low
2026-08-21 22:31:23,34,34,512,512,False,1.0,0,Low
2026-08-21 22:55:40,34,34,512,512,False,1.0,0,Low
2026-08-21 23:28:47,34,34,512,512,False,1.0,0,Low
2026-08-21 23:52:30,34,34,512,512,False,1.0,0,Low
2026-08-22 01:02:22,34,34,512,512,False,1.0,0,Low
2026-08-22 02:19:31,34,34,512,512,False,1.0,0,Low
2026-08-22 03:12:06,34,34,512,512,False,1.0,0,Low
2026-08-22 03:58:32,34,34,512,512,False,1.0,0,Low
2026-08-22 04:41:27,27,34,645,512,False,0.7941,133,Low
2026-08-22 05:11:17,26,34,670,512,False,0.7647,158,Low
2026-08-22 05:44:28,25,34,696,512,False,0.7353,184,Low
2026-08-22 06:13:20,23,33,757,528,False,0.697,229,Medium
2026-08-22 07:02:50,31,35,562,497,False,0.8857,65,Low
2026-08-22 07:40:55,29,34,600,512,False,0.8529,88,Low
2026-08-22 08:02:17,30,35,580,497,False,0.8571,83,Low
2026-08-22 08:43:47,29,34,600,512,False,0.8529,88,Low
2026-08-22 09:12:17,25,34,696,512,False,0.7353,184,Low
2026-08-22 09:45:03,22,34,792,512,False,0.6471,280,Medium
2026-08-22 10:03:00,24,34,726,512,False,0.7059,214,Low
2026-08-22 10:36:31,27,35,645,497,False,0.7714,148,Low
2026-08-22 10:58:09,27,35,645,497,False,0.7714,148,Low
2026-08-22 11:28:51,29,35,600,497,False,0.8286,103,Low
2026-08-22 11:51:07,26,35,670,497,False,0.7429,173,Low
2026-08-22 12:23:57,26,35,670,497,False,0.7429,173,Low
2026-08-22 13:09:21,24,34,726,512,False,0.7059,214,Low
2026-08-22 13:44:39,24,35,726,497,False,0.6857,229,Medium
2026-08-22 14:01:48,23,34,757,512,False,0.6765,245,Medium
2026-08-22 14:33:19,23,34,757,512,False,0.6765,245,Medium
2026-08-22 14:54:52,28,35,622,497,False,0.8,125,Low
2026-08-22 15:24:00,29,35,600,497,False,0.8286,103,Low
2026-08-22 15:46:34,34,34,512,512,False,1.0,0,Low
2026-08-22 16:01:02,27,34,645,512,False,0.7941,133,Low
2026-08-22 16:35:56,26,34,670,512,False,0.7647,158,Low
2026-08-22 16:58:21,34,34,512,512,False,1.0,0,Low
2026-08-22 17:29:05,31,35,562,497,False,0.8857,65,Low
2026-08-22 17:51:45,34,34,512,512,False,1.0,0,Low
2026-08-22 18:21:01,34,34,512,512,False,1.0,0,Low
2026-08-22 18:55:51,34,34,512,512,False,1.0,0,Low
2026-08-22 19:26:47,34,34,512,512,False,1.0,0,Low
2026-08-22 19:48:18,34,34,512,512,False,1.0,0,Low
2026-08-22 20:07:09,34,34,512,512,False,1.0,0,Low
2026-08-22 20:38:03,34,34,512,512,False,1.0,0,Low
2026-08-22 20:59:22,34,34,512,512,False,1.0,0,Low
2026-08-22 21:30:15,34,34,512,512,False,1.0,0,Low
2026-08-22 21:52:16,34,34,512,512,False,1.0,0,Low
2026-08-22 22:17:34,34,34,512,512,False,1.0,0,Low
2026-08-22 22:42:54,34,34,512,512,False,1.0,0,Low
2026-08-22 23:01:10,34,34,512,512,False,1.0,0,Low
2026-08-22 23:30:48,34,34,512,512,False,1.0,0,Low
2026-08-22 23:52:38,34,34,512,512,False,1.0,0,Low
2026-08-23 01:08:28,34,34,512,512,False,1.0,0,Low
2026-08-23 02:36:59,34,34,512,512,False,1.0,0,Low
2026-08-23 03:35:01,34,34,512,512,False,1.0,0,Low
2026-08-23 04:20:38,34,34,512,512,False,1.0,0,Low
2026-08-23 04:59:34,34,34,512,512,False,1.0,0,Low
2026-08-23 05:38:15,23,33,757,528,False,0.697,229,Medium
2026-08-23 06:01:38,25,34,696,512,False,0.7353,184,Low
2026-08-23 06:56:45,29,35,600,497,False,0.8286,103,Low
2026-08-23 07:39:53,34,34,512,512,False,1.0,0,Low
2026-08-23 08:01:34,28,34,622,512,False,0.8235,110,Low
2026-08-23 08:43:58,29,35,600,497,False,0.8286,103,Low
2026-08-23 09:11:55,34,34,512,512,False,1.0,0,Low
2026-08-23 09:45:17,27,34,645,512,False,0.7941,133,Low
2026-08-23 10:06:05,27,34,645,512,False,0.7941,133,Low
2026-08-23 10:37:15,27,34,645,512,False,0.7941,133,Low
2026-08-23 10:58:33,25,33,696,528,False,0.7576,168,Low
2026-08-23 11:28:49,24,33,726,528,False,0.7273,198,Low
2026-08-23 11:51:09,26,34,670,512,False,0.7647,158,Low
2026-08-23 12:25:27,34,34,512,512,False,1.0,0,Low
2026-08-23 13:11:10,24,33,726,528,False,0.7273,198,Low
2026-08-23 13:47:11,24,34,726,512,False,0.7059,214,Low
2026-08-23 14:10:02,25,33,696,528,False,0.7576,168,Low
2026-08-23 14:41:04,27,35,645,497,False,0.7714,148,Low
2026-08-23 15:01:16,26,34,670,512,False,0.7647,158,Low
2026-08-23 15:32:28,28,33,622,528,False,0.8485,94,Low
2026-08-23 15:54:03,24,34,726,512,False,0.7059,214,Low
2026-08-23 16:26:34,34,34,512,512,False,1.0,0,Low
2026-08-23 16:54:11,34,34,512,512,False,1.0,0,Low
2026-08-23 17:20:59,34,34,512,512,False,1.0,0,Low
2026-08-23 17:42:47,34,34,512,512,False,1.0,0,Low
2026-08-23 17:59:47,34,34,512,512,False,1.0,0,Low
2026-08-23 18:43:03,34,34,512,512,False,1.0,0,Low
2026-08-23 19:09:27,34,34,512,512,False,1.0,0,Low
2026-08-23 19:35:19,34,34,512,512,False,1.0,0,Low
2026-08-23 19:53:48,34,34,512,512,False,1.0,0,Low
2026-08-23 20:22:41,34,34,512,512,False,1.0,0,Low
2026-08-23 20:47:58,34,34,512,512,False,1.0,0,Low
2026-08-23 21:08:10,34,34,512,512,False,1.0,0,Low
2026-08-23 21:35:01,34,34,512,512,False,1.0,0,Low
2026-08-23 21:55:28,34,34,512,512,False,1.0,0,Low
2026-08-23 22:26:37,34,34,512,512,False,1.0,0,Low
2026-08-23 22:50:39,34,34,512,512,False,1.0,0,Low
2026-08-23 23:12:56,34,34,512,512,False,1.0,0,Low
2026-08-23 23:38:49,34,34,512,512,False,1.0,0,Low
2026-08-23 23:57:13,34,34,512,512,False,1.0,0,Low
2026-08-24 01:50:28,34,34,512,512,False,1.0,0,Low
2026-08-24 02:55:35,28,34,622,512,False,0.8235,110,Low
2026-08-24 03:57:53,24,33,726,528,False,0.7273,198,Low
2026-08-24 04:54:45,34,34,512,512,False,1.0,0,Low
2026-08-24 05:40:03,27,33,645,528,False,0.8182,117,Low
2026-08-24 06:24:30,26,33,670,528,False,0.7879,142,Low
2026-08-24 07:37:21,29,35,600,497,False,0.8286,103,Low
2026-08-24 08:25:28,34,34,512,512,False,1.0,0,Low
2026-08-24 09:24:36,28,33,622,528,False,0.8485,94,Low
2026-08-24 10:11:03,25,33,696,528,False,0.7576,168,Low
2026-08-24 10:55:07,28,35,622,497,False,0.8,125,Low
2026-08-24 11:32:23,25,35,696,497,False,0.7143,199,Low
2026-08-24 11:58:24,21,34,829,512,False,0.6176,317,Medium
2026-08-24 13:06:05,18,34,968,512,False,0.5294,456,Medium
2026-08-24 14:00:06,21,34,829,512,False,0.6176,317,Medium
2026-08-24 14:53:41,18,34,968,512,False,0.5294,456,Medium
2026-08-24 15:38:27,21,34,829,512,False,0.6176,317,Medium
2026-08-24 16:15:55,24,34,726,512,False,0.7059,214,Low
2026-08-24 16:59:50,34,34,512,512,False,1.0,0,Low
2026-08-24 17:39:01,34,34,512,512,False,1.0,0,Low
2026-08-24 18:04:21,34,34,512,512,False,1.0,0,Low
2026-08-24 18:56:25,34,34,512,512,False,1.0,0,Low
2026-08-24 19:35:26,34,34,512,512,False,1.0,0,Low
2026-08-24 20:00:29,34,34,512,512,False,1.0,0,Low
2026-08-24 20:42:12,34,34,512,512,False,1.0,0,Low
2026-08-24 21:12:56,34,34,512,512,False,1.0,0,Low
